time,TempPlant2,TempPlant3,TempPlant5,Air_temp_loc,Humedity,air_temp,Ambient_1
2020-03-03T00:00:00.0,0.09,0.09,0.37,,-2.0462,2.25,0.937
2020-03-03T00:01:00.0,0.21,-0.13999999999998636,0.01,,-2.0462,2.25,0.937
2020-03-03T00:02:00.0,0.17,0.43,0.75,,-2.0462,2.25,0.875
2020-03-03T00:03:00.0,0.29,0.09,0.13,,-2.0462,2.25,0.875
2020-03-03T00:04:00.0,0.13,0.41,-0.6399999999999864,,-2.0462,2.187,0.937
2020-03-03T00:05:00.0,0.13,0.51,0.05,,-2.0462,2.25,0.937
2020-03-03T00:06:00.0,0.25,0.43,0.47,,-2.0462,2.187,0.937
2020-03-03T00:07:00.0,0.51,0.13,0.63,,-2.0462,2.187,0.937
2020-03-03T00:08:00.0,0.33,0.67,-0.18000000000006366,,-2.0462,2.187,0.875
2020-03-03T00:09:00.0,0.13,-0.06000000000005912,-0.4800000000000182,,-2.0462,2.187,0.875
2020-03-03T00:10:00.0,-0.18000000000006366,-0.01999999999998181,0.09,,-2.0462,2.187,0.875
2020-03-03T00:11:00.0,0.05,0.43,0.21,,-2.0462,2.187,0.875
2020-03-03T00:12:00.0,0.41,0.43,0.09,,-2.0462,2.187,0.875
2020-03-03T00:13:00.0,0.21,0.33,-0.36000000000001364,,-2.0462,2.187,0.812
2020-03-03T00:14:00.0,0.17,-0.10000000000002274,0.29,,-2.0462,2.187,0.812
2020-03-03T00:15:00.0,-0.01999999999998181,0.13,-0.6800000000000637,,-2.0462,2.187,0.875
2020-03-03T00:16:00.0,-0.01999999999998181,0.05,-0.5600000000000591,,-2.0462,2.125,0.875
2020-03-03T00:17:00.0,0.29,0.51,-0.4800000000000182,,-2.0462,2.125,0.812
2020-03-03T00:18:00.0,0.43,0.37,-0.18000000000006366,,-2.0462,2.125,0.812
2020-03-03T00:19:00.0,,,,,,,
2020-03-03T00:20:00.0,0.33,0.51,-0.13999999999998636,,-2.0462,2.125,0.875
2020-03-03T00:21:00.0,0.01,0.21,-0.06000000000005912,,-2.0462,2.125,0.937
2020-03-03T00:22:00.0,0.25,0.17,0.05,,-2.0462,2.125,0.937
2020-03-03T00:23:00.0,0.33,0.21,-0.4800000000000182,,-2.0462,2.125,0.875
2020-03-03T00:24:00.0,0.41,0.33,-0.06000000000005912,,-2.0462,2.125,0.875
2020-03-03T00:25:00.0,,,,,,,
2020-03-03T00:26:00.0,0.43,0.51,-0.13999999999998636,,-2.0462,2.125,0.875
2020-03-03T00:27:00.0,-0.01999999999998181,0.09,-1.0400000000000773,,-2.0462,2.062,0.875
2020-03-03T00:28:00.0,0.05,-0.06000000000005912,0.63,,-2.0462,2.062,0.812
2020-03-03T00:29:00.0,0.29,0.75,-0.01999999999998181,,-2.0462,2.062,0.812
2020-03-03T00:30:00.0,0.47,0.37,-0.6399999999999864,,-2.0462,2.062,0.812
2020-03-03T00:31:00.0,0.13,0.01,-0.01999999999998181,,-2.0462,2.125,0.812
2020-03-03T00:32:00.0,0.25,0.17,-0.13999999999998636,,-2.0462,2.062,0.75
2020-03-03T00:33:00.0,0.13,0.21,-0.18000000000006366,,-2.0462,2.125,0.75
2020-03-03T00:34:00.0,0.59,0.13,0.25,,-2.0462,2.062,0.812
2020-03-03T00:35:00.0,0.05,0.13,-0.5199999999999818,,-2.0462,2.062,0.75
2020-03-03T00:36:00.0,0.05,0.21,-0.01999999999998181,,-2.0462,2.125,0.75
2020-03-03T00:37:00.0,-0.06000000000005912,0.13,-0.01999999999998181,,-2.0462,2.062,0.75
2020-03-03T00:38:00.0,-0.01999999999998181,0.25,-0.10000000000002274,,-2.0462,2.062,0.75
2020-03-03T00:39:00.0,0.29,0.17,0.55,,-2.0462,2.062,0.75
2020-03-03T00:40:00.0,0.17,0.59,-0.6399999999999864,,-2.0462,2.062,0.812
2020-03-03T00:41:00.0,-0.01999999999998181,0.63,-0.4800000000000182,,-2.0462,2.062,0.75
2020-03-03T00:42:00.0,-0.10000000000002274,0.59,-0.13999999999998636,,-2.0462,2.062,0.75
2020-03-03T00:43:00.0,0.01,0.21,0.01,,-2.0462,2.062,0.687
2020-03-03T00:44:00.0,0.01,-0.06000000000005912,-0.18000000000006366,,-2.0462,2.062,0.687
2020-03-03T00:45:00.0,-0.10000000000002274,0.25,0.09,,-2.0462,2.062,0.687
2020-03-03T00:46:00.0,0.59,0.43,-0.44000000000005457,,-2.0462,2.062,0.687
2020-03-03T00:47:00.0,0.17,0.17,-1.0400000000000773,,-2.0462,2.062,0.687
2020-03-03T00:48:00.0,0.43,0.41,-0.8000000000000682,,-2.0462,2.062,0.687
2020-03-03T00:49:00.0,0.13,0.05,0.13,,-2.0462,2.062,0.75
2020-03-03T00:50:00.0,-0.13999999999998636,0.21,-0.6399999999999864,,-2.0462,2.062,0.75
2020-03-03T00:51:00.0,,,,,,,
2020-03-03T00:52:00.0,0.17,0.33,0.09,,-2.0462,2.062,0.812
2020-03-03T00:53:00.0,0.25,0.17,-0.10000000000002274,,-2.0462,2.062,0.75
2020-03-03T00:54:00.0,0.67,0.09,-0.06000000000005912,,-2.0462,2.062,0.75
2020-03-03T00:55:00.0,0.47,0.05,0.83,,-2.0462,2.062,0.75
2020-03-03T00:56:00.0,0.25,-0.10000000000002274,0.01,,-2.0462,2.062,0.687
2020-03-03T00:57:00.0,0.25,0.17,-0.6399999999999864,,-2.0462,2.062,0.75
2020-03-03T00:58:00.0,0.09,0.33,-0.32000000000005,,-2.0462,2.062,0.75
2020-03-03T00:59:00.0,0.01,0.25,-0.2599999999999909,,-2.0462,2.062,0.812
2020-03-03T01:00:00.0,0.13,0.05,-0.6800000000000637,,-2.0462,2.062,0.875
2020-03-03T01:01:00.0,0.29,0.29,-1.0400000000000773,,-2.0462,2.062,0.812
2020-03-03T01:02:00.0,0.09,0.25,0.05,,-2.0462,2.062,0.812
2020-03-03T01:03:00.0,0.41,0.17,-0.22000000000002728,,-2.0462,2.062,0.812
2020-03-03T01:04:00.0,0.25,0.59,-0.18000000000006366,,-2.0462,2.062,0.875
2020-03-03T01:05:00.0,0.37,0.05,0.29,,-2.0462,2.062,0.812
2020-03-03T01:06:00.0,0.21,0.21,-0.18000000000006366,,-2.0462,2,0.812
2020-03-03T01:07:00.0,0.63,0.09,-0.39999999999997726,,-2.0462,2.062,0.812
2020-03-03T01:08:00.0,0.17,0.17,-0.01999999999998181,,-2.0462,2,0.812
2020-03-03T01:09:00.0,0.41,0.09,-0.22000000000002728,,-2.0462,2.062,0.812
2020-03-03T01:10:00.0,,,,,,,
2020-03-03T01:11:00.0,0.21,0.43,0.47,,-2.0462,2.062,0.75
2020-03-03T01:12:00.0,0.17,0.37,0.21,,-2.0462,2.062,0.812
2020-03-03T01:13:00.0,0.29,0.33,-0.2599999999999909,,-2.0462,2.062,0.812
2020-03-03T01:14:00.0,0.25,0.47,0.17,,-2.0462,2.062,0.812
2020-03-03T01:15:00.0,-0.2599999999999909,0.05,-0.44000000000005457,,-2.0462,2.062,0.812
2020-03-03T01:16:00.0,0.29,-0.18000000000006366,0.25,,-2.0462,2.062,0.812
2020-03-03T01:17:00.0,0.41,-0.22000000000002728,-0.36000000000001364,,-2.0462,2,0.75
2020-03-03T01:18:00.0,-0.13999999999998636,0.21,-0.8000000000000682,,-2.0462,2.062,0.75
2020-03-03T01:19:00.0,-0.01999999999998181,0.05,-0.36000000000001364,,-2.0462,2.062,0.812
2020-03-03T01:20:00.0,-0.18000000000006366,0.17,-0.44000000000005457,,-2.0462,2,0.75
2020-03-03T01:21:00.0,-0.01999999999998181,0.37,-0.44000000000005457,,-2.0462,2.062,0.75
2020-03-03T01:22:00.0,-0.18000000000006366,0.47,0.05,,-2.0462,2.062,0.75
2020-03-03T01:23:00.0,,,,,,,
2020-03-03T01:24:00.0,0.01,0.05,-0.5600000000000591,,-2.0462,2,0.687
2020-03-03T01:25:00.0,-0.18000000000006366,0.17,-0.44000000000005457,,-2.0462,2,0.687
2020-03-03T01:26:00.0,0.37,0.05,-0.2599999999999909,,-2.0462,2.062,0.687
2020-03-03T01:27:00.0,-0.06000000000005912,-0.18000000000006366,-0.2599999999999909,,-2.0462,2.062,0.687
2020-03-03T01:28:00.0,-0.06000000000005912,0.05,-0.01999999999998181,,-2.0462,2,0.687
2020-03-03T01:29:00.0,0.05,-0.06000000000005912,-0.6399999999999864,,-2.0462,2,0.75
2020-03-03T01:30:00.0,0.05,0.41,0.21,,-2.0462,2.062,0.687
2020-03-03T01:31:00.0,-0.01999999999998181,0.21,-0.18000000000006366,,-2.0462,2.062,0.687
2020-03-03T01:32:00.0,0.09,-0.06000000000005912,0.09,,-2.0462,2.062,0.687
2020-03-03T01:33:00.0,0.41,0.47,0.21,,-2.0462,2.062,0.75
2020-03-03T01:34:00.0,0.41,0.47,0.13,,-2.0462,2.062,0.75
2020-03-03T01:35:00.0,0.63,0.59,-0.22000000000002728,,-2.0462,2.125,0.75
2020-03-03T01:36:00.0,0.43,-0.10000000000002274,0.05,,-2.0462,2.125,0.75
2020-03-03T01:37:00.0,0.17,0.29,0.79,,-2.0462,2.125,0.75
2020-03-03T01:38:00.0,-0.06000000000005912,0.47,0.01,,-2.0462,2.187,0.812
2020-03-03T01:39:00.0,-0.2599999999999909,0.59,-0.18000000000006366,,-2.0462,2.187,0.812
2020-03-03T01:40:00.0,0.25,0.05,-0.2799999999999727,,-2.0462,2.25,0.75
2020-03-03T01:41:00.0,0.05,-0.01999999999998181,-0.6399999999999864,,-2.0462,2.25,0.75
2020-03-03T01:42:00.0,0.25,0.37,0.33,,-2.0462,2.25,0.75
2020-03-03T01:43:00.0,-0.36000000000001364,0.29,-0.10000000000002274,,-2.0462,2.25,0.75
2020-03-03T01:44:00.0,-0.13999999999998636,0.37,-0.06000000000005912,,-2.0462,2.25,0.75
2020-03-03T01:45:00.0,-0.22000000000002728,-0.18000000000006366,-0.44000000000005457,,-2.0462,2.312,0.75
2020-03-03T01:46:00.0,-0.10000000000002274,0.17,0.01,,-2.0462,2.312,0.687
2020-03-03T01:47:00.0,-0.44000000000005457,-0.32000000000005,-0.39999999999997726,,-2.0462,2.312,0.687
2020-03-03T01:48:00.0,-0.10000000000002274,-0.44000000000005457,-0.5600000000000591,,-2.0462,2.312,0.625
2020-03-03T01:49:00.0,-0.01999999999998181,-0.06000000000005912,-0.7200000000000273,,-2.0462,2.25,0.687
2020-03-03T01:50:00.0,0.21,-0.01999999999998181,0.09,,-2.0462,2.25,0.687
2020-03-03T01:51:00.0,-0.06000000000005912,0.09,-0.44000000000005457,,-2.0462,2.25,0.687
2020-03-03T01:52:00.0,-0.10000000000002274,-0.2599999999999909,-0.8000000000000682,,-2.0462,2.187,0.625
2020-03-03T01:53:00.0,0.29,-0.18000000000006366,-0.6000000000000227,,-2.0462,2.187,0.625
2020-03-03T01:54:00.0,0.17,0.01,-0.4800000000000182,,-2.0462,2.187,0.562
2020-03-03T01:55:00.0,0.21,-0.06000000000005912,0.05,,-2.0462,2.125,0.625
2020-03-03T01:56:00.0,0.05,0.09,0.05,,-2.0462,2.125,0.625
2020-03-03T01:57:00.0,0.01,-0.01999999999998181,-0.2799999999999727,,-2.0462,2.062,0.625
2020-03-03T01:58:00.0,0.33,-0.06000000000005912,-0.36000000000001364,,-2.0462,2.062,0.687
2020-03-03T01:59:00.0,0.17,-0.5199999999999818,0.13,,-2.0462,2.062,0.687
2020-03-03T02:00:00.0,-0.18000000000006366,0.43,0.17,,-2.0462,2.062,0.687
2020-03-03T02:01:00.0,-0.22000000000002728,0.01,-0.44000000000005457,,-2.0462,2.062,0.687
2020-03-03T02:02:00.0,-0.01999999999998181,-0.01999999999998181,-1.0400000000000773,,-2.0462,2.062,0.687
2020-03-03T02:03:00.0,0.29,0.09,-0.5199999999999818,,-2.0462,2,0.625
2020-03-03T02:04:00.0,0.21,-0.06000000000005912,-0.36000000000001364,,-2.0462,2.062,0.625
2020-03-03T02:05:00.0,0.25,-0.01999999999998181,-0.6800000000000637,,-2.0462,2,0.687
2020-03-03T02:06:00.0,0.29,-0.10000000000002274,-0.8000000000000682,,-2.0462,2,0.625
2020-03-03T02:07:00.0,0.13,0.09,-0.7599999999999909,,-2.0462,2,0.625
2020-03-03T02:08:00.0,0.21,0.17,-0.10000000000002274,,-2.0462,2,0.562
2020-03-03T02:09:00.0,0.25,-0.2599999999999909,-0.4800000000000182,,-2.0462,2,0.625
2020-03-03T02:10:00.0,0.17,-0.01999999999998181,-0.36000000000001364,,-2.0462,1.937,0.625
2020-03-03T02:11:00.0,-0.22000000000002728,-0.13999999999998636,-0.9200000000000728,,-2.0462,2,0.625
2020-03-03T02:12:00.0,-0.01999999999998181,0.13,-0.18000000000006366,,-2.0462,2,0.625
2020-03-03T02:13:00.0,0.29,-0.2599999999999909,-0.9200000000000728,,-2.0462,1.937,0.625
2020-03-03T02:14:00.0,-0.06000000000005912,0.21,-0.18000000000006366,,-2.0462,2,0.75
2020-03-03T02:15:00.0,0.25,0.13,-0.4800000000000182,,-2.0462,2,0.75
2020-03-03T02:16:00.0,0.47,0.29,-0.8799999999999955,,-2.0462,2,0.687
2020-03-03T02:17:00.0,0.29,-0.22000000000002728,-1.080000000000041,,-2.0462,2,0.687
2020-03-03T02:18:00.0,0.29,-0.18000000000006366,-0.06000000000005912,,-2.0462,2,0.687
2020-03-03T02:19:00.0,0.17,0.01,-0.06000000000005912,,-2.0462,2,0.687
2020-03-03T02:20:00.0,0.05,0.09,0.05,,-2.0462,2,0.75
2020-03-03T02:21:00.0,0.05,-0.18000000000006366,-0.10000000000002274,,-2.0462,2,0.687
2020-03-03T02:22:00.0,-0.10000000000002274,0.01,-0.36000000000001364,,-2.0462,2,0.687
2020-03-03T02:23:00.0,0.17,0.05,-0.2799999999999727,,-2.0462,2,0.625
2020-03-03T02:24:00.0,0.05,0.21,-0.8000000000000682,,-2.0462,2,0.687
2020-03-03T02:25:00.0,0.17,-0.32000000000005,-0.2799999999999727,,-2.0462,2,0.687
2020-03-03T02:26:00.0,0.17,-0.10000000000002274,-0.6399999999999864,,-2.0462,2,0.625
2020-03-03T02:27:00.0,0.21,-0.2799999999999727,0.25,,-2.0462,2,0.687
2020-03-03T02:28:00.0,0.05,-0.01999999999998181,-0.4800000000000182,,-2.0462,2,0.687
2020-03-03T02:29:00.0,0.29,-0.2799999999999727,-0.9200000000000728,,-2.0462,2,0.687
2020-03-03T02:30:00.0,0.33,0.41,-0.2799999999999727,,-2.0462,2,0.687
2020-03-03T02:31:00.0,-0.01999999999998181,0.09,-0.4800000000000182,,-2.0462,2,0.75
2020-03-03T02:32:00.0,0.05,-0.13999999999998636,-0.5199999999999818,,-2.0462,2,0.687
2020-03-03T02:33:00.0,0.33,-0.06000000000005912,-0.2599999999999909,,-2.0462,2,0.625
2020-03-03T02:34:00.0,0.17,-0.2599999999999909,-1.080000000000041,,-2.0462,2,0.687
2020-03-03T02:35:00.0,,,,,,,
2020-03-03T02:36:00.0,0.17,-0.10000000000002274,0.33,,-2.0462,2,0.75
2020-03-03T02:37:00.0,0.05,-0.06000000000005912,-0.7200000000000273,,-2.0462,2,0.75
2020-03-03T02:38:00.0,0.01,-0.06000000000005912,-0.39999999999997726,,-2.0462,2,0.687
2020-03-03T02:39:00.0,0.13,0.13,-0.6800000000000637,,-2.0462,2,0.687
2020-03-03T02:40:00.0,0.17,0.37,-0.2799999999999727,,-2.0462,2,0.75
2020-03-03T02:41:00.0,0.05,0.25,-0.13999999999998636,,-2.0462,2,0.812
2020-03-03T02:42:00.0,0.25,0.05,-0.7599999999999909,,-2.0462,2,0.812
2020-03-03T02:43:00.0,0.21,0.21,-0.8400000000000318,,-2.0462,2,0.687
2020-03-03T02:44:00.0,-0.32000000000005,0.13,-0.5600000000000591,,-2.0462,2,0.75
2020-03-03T02:45:00.0,0.37,-0.10000000000002274,0.71,,-2.0462,2,0.75
2020-03-03T02:46:00.0,0.43,-0.06000000000005912,0.09,,-2.0462,2,0.75
2020-03-03T02:47:00.0,-0.10000000000002274,-0.10000000000002274,-0.8799999999999955,,-2.0462,2,0.687
2020-03-03T02:48:00.0,0.09,0.05,-0.2799999999999727,,-2.0462,2,0.625
2020-03-03T02:49:00.0,-0.01999999999998181,0.05,-0.01999999999998181,,-2.0462,1.937,0.625
2020-03-03T02:50:00.0,0.21,0.21,-0.5600000000000591,,-2.0462,2,0.625
2020-03-03T02:51:00.0,0.13,0.33,-0.6800000000000637,,-2.0462,2,0.687
2020-03-03T02:52:00.0,-0.06000000000005912,-0.32000000000005,-0.8000000000000682,,-2.0462,2,0.625
2020-03-03T02:53:00.0,0.47,0.05,0.13,,-2.0462,2,0.687
2020-03-03T02:54:00.0,-0.18000000000006366,0.21,-1,,-2.0462,2,0.687
2020-03-03T02:55:00.0,-0.06000000000005912,0.25,-0.44000000000005457,,-2.0462,2,0.687
2020-03-03T02:56:00.0,-0.06000000000005912,0.05,-0.6399999999999864,,-2.0462,2,0.687
2020-03-03T02:57:00.0,0.41,0.13,0.25,,-2.0462,2,0.687
2020-03-03T02:58:00.0,0.29,0.09,-0.44000000000005457,,-2.0462,2,0.75
2020-03-03T02:59:00.0,0.25,-0.13999999999998636,-0.7200000000000273,,-2.0462,2,0.812
2020-03-03T03:00:00.0,-0.06000000000005912,-0.01999999999998181,-0.7599999999999909,,-2.0462,1.937,0.812
2020-03-03T03:01:00.0,-0.06000000000005912,0.01,-0.2799999999999727,,-2.0462,2,0.875
2020-03-03T03:02:00.0,-0.13999999999998636,0.29,-0.8799999999999955,,-2.0462,2,0.875
2020-03-03T03:03:00.0,0.17,0.41,-1.4600000000000364,,-2.0462,2,0.875
2020-03-03T03:04:00.0,-0.10000000000002274,-0.2599999999999909,-0.6800000000000637,,-2.0462,2,0.812
2020-03-03T03:05:00.0,0.55,0.33,-0.2799999999999727,,-2.0462,2,0.875
2020-03-03T03:06:00.0,0.25,0.59,-0.4800000000000182,,-2.0462,2,0.812
2020-03-03T03:07:00.0,0.25,-0.06000000000005912,0.21,,-2.0462,2,0.812
2020-03-03T03:08:00.0,0.09,0.41,-0.9600000000000364,,-2.0462,2,0.875
2020-03-03T03:09:00.0,0.01,0.47,-0.13999999999998636,,-2.0462,2,0.812
2020-03-03T03:10:00.0,-0.10000000000002274,0.55,-0.32000000000005,,-2.0462,2,0.812
2020-03-03T03:11:00.0,-0.06000000000005912,0.29,-0.01999999999998181,,-2.0462,2.062,0.875
2020-03-03T03:12:00.0,0.29,0.01,-0.2599999999999909,,-2.0462,2.062,0.812
2020-03-03T03:13:00.0,0.17,0.47,-0.9200000000000728,,-2.0462,2.062,0.75
2020-03-03T03:14:00.0,0.41,-0.13999999999998636,0.13,,-2.0462,2.062,0.812
2020-03-03T03:15:00.0,0.09,-0.2599999999999909,-1.1200000000000045,,-2.0462,2.062,0.812
2020-03-03T03:16:00.0,0.13,0.17,-0.22000000000002728,,-2.0462,2.062,0.812
2020-03-03T03:17:00.0,0.01,0.01,-0.13999999999998636,,-2.0462,2.062,0.812
2020-03-03T03:18:00.0,-0.06000000000005912,0.13,0.01,,-2.0462,2.062,0.812
2020-03-03T03:19:00.0,0.33,0.01,-0.2799999999999727,,-2.0462,2.062,0.812
2020-03-03T03:20:00.0,0.29,0.01,-0.5199999999999818,,-2.0462,2.062,0.812
2020-03-03T03:21:00.0,0.13,0.25,-0.39999999999997726,,-2.0462,2.062,0.812
2020-03-03T03:22:00.0,0.37,0.67,0.05,,-2.0462,2.062,0.875
2020-03-03T03:23:00.0,,,,,,,
2020-03-03T03:24:00.0,0.25,0.01,-1.3400000000000318,,-2.0462,2.062,0.812
2020-03-03T03:25:00.0,0.43,0.05,-0.6399999999999864,,-2.0462,2.125,0.812
2020-03-03T03:26:00.0,0.33,0.17,-0.5600000000000591,,-2.0462,2.125,0.75
2020-03-03T03:27:00.0,0.37,0.55,-0.8400000000000318,,-2.0462,2.125,0.75
2020-03-03T03:28:00.0,0.47,0.17,-0.44000000000005457,,-2.0462,2.125,0.75
2020-03-03T03:29:00.0,0.75,-0.22000000000002728,-0.7599999999999909,,-2.0462,2.125,0.75
2020-03-03T03:30:00.0,0.87,0.25,0.25,,-2.0462,2.125,0.75
2020-03-03T03:31:00.0,0.51,0.29,0.05,,-2.0462,2.187,0.812
2020-03-03T03:32:00.0,0.25,0.25,0.25,,-2.0462,2.187,0.875
2020-03-03T03:33:00.0,0.75,0.43,-0.2799999999999727,,-2.0462,2.187,0.875
2020-03-03T03:34:00.0,0.83,0.63,-0.10000000000002274,,-2.0462,2.187,0.875
2020-03-03T03:35:00.0,0.55,0.33,-0.10000000000002274,,-2.0462,2.25,0.937
2020-03-03T03:36:00.0,0.67,0.09,-0.44000000000005457,,-2.0462,2.25,1
2020-03-03T03:37:00.0,0.63,0.13,-0.10000000000002274,,-2.0462,2.25,0.937
2020-03-03T03:38:00.0,0.63,0.51,-0.01999999999998181,,-2.0462,2.25,1
2020-03-03T03:39:00.0,0.97,0.37,-0.10000000000002274,,-2.0462,2.25,1
2020-03-03T03:40:00.0,1.01,0.79,-0.4800000000000182,,-2.0462,2.312,1
2020-03-03T03:41:00.0,1.37,0.63,0.33,,-2.0462,2.312,1.062
2020-03-03T03:42:00.0,,,,,,,
2020-03-03T03:43:00.0,1.43,0.71,0.55,,-2.0462,2.375,1.062
2020-03-03T03:44:00.0,1.37,0.83,-0.06000000000005912,,-2.0462,2.437,1.125
2020-03-03T03:45:00.0,1.29,1.09,0.91,,-2.0462,2.375,1.125
2020-03-03T03:46:00.0,1.13,1.05,0.59,,-2.0462,2.437,1.125
2020-03-03T03:47:00.0,1.17,0.79,0.13,,-2.0462,2.437,1.187
2020-03-03T03:48:00.0,0.97,0.29,0.33,,-2.0462,2.437,1.125
2020-03-03T03:49:00.0,0.71,0.83,0.51,,-2.0462,2.5,1.125
2020-03-03T03:50:00.0,0.67,0.55,0.21,,-2.0462,2.5,1.062
2020-03-03T03:51:00.0,0.47,0.43,-0.06000000000005912,,-2.0462,2.437,1.062
2020-03-03T03:52:00.0,1.01,0.33,-0.18000000000006366,,-2.0462,2.437,1.062
2020-03-03T03:53:00.0,0.67,0.09,0.01,,-2.0462,2.437,1.062
2020-03-03T03:54:00.0,0.71,0.47,-0.44000000000005457,,-2.0462,2.437,1.062
2020-03-03T03:55:00.0,0.47,0.63,-0.5600000000000591,,-2.0462,2.437,1.062
2020-03-03T03:56:00.0,0.71,0.37,-0.18000000000006366,,-2.0462,2.437,1.062
2020-03-03T03:57:00.0,0.37,0.37,0.37,,-2.0462,2.375,1
2020-03-03T03:58:00.0,0.29,0.29,0.21,,-2.0462,2.437,1
2020-03-03T03:59:00.0,0.79,0.37,-0.18000000000006366,,-2.0462,2.375,1
2020-03-03T04:00:00.0,0.17,0.51,-0.2799999999999727,,-2.0462,2.375,1
2020-03-03T04:01:00.0,-0.01999999999998181,0.33,-0.01999999999998181,,-2.0462,2.375,1
2020-03-03T04:02:00.0,0.25,0.43,-0.7200000000000273,,-2.0462,2.312,1
2020-03-03T04:03:00.0,0.71,0.17,-0.6000000000000227,,-2.0462,2.312,1
2020-03-03T04:04:00.0,0.29,0.87,-0.8000000000000682,,-2.0462,2.312,1
2020-03-03T04:05:00.0,0.59,0.13,-0.4800000000000182,,-2.0462,2.312,1
2020-03-03T04:06:00.0,0.43,0.43,-0.39999999999997726,,-2.0462,2.312,1
2020-03-03T04:07:00.0,0.37,0.25,-0.6000000000000227,,-2.0462,2.312,1
2020-03-03T04:08:00.0,0.17,0.09,0.21,,-2.0462,2.312,1
2020-03-03T04:09:00.0,0.09,0.59,-0.01999999999998181,,-2.0462,2.25,1
2020-03-03T04:10:00.0,0.47,0.13,-0.22000000000002728,,-2.0462,2.25,1
2020-03-03T04:11:00.0,0.33,0.29,0.17,,-2.0462,2.25,1.062
2020-03-03T04:12:00.0,-0.01999999999998181,0.47,-0.44000000000005457,,-2.0462,2.25,1
2020-03-03T04:13:00.0,0.47,0.47,-0.9600000000000364,,-2.0462,2.25,1
2020-03-03T04:14:00.0,0.29,0.25,-1.2000000000000455,,-2.0462,2.25,1
2020-03-03T04:15:00.0,-0.2599999999999909,0.13,-0.8400000000000318,,-2.0462,2.25,0.937
2020-03-03T04:16:00.0,0.25,0.09,0.17,,-2.0462,2.187,0.937
2020-03-03T04:17:00.0,0.29,0.33,-0.7200000000000273,,-2.0462,2.187,0.937
2020-03-03T04:18:00.0,-0.01999999999998181,0.13,-0.36000000000001364,,-2.0462,2.187,0.937
2020-03-03T04:19:00.0,0.33,0.17,-0.8400000000000318,,-2.0462,2.187,0.875
2020-03-03T04:20:00.0,0.33,0.37,-0.7599999999999909,,-2.0462,2.187,0.875
2020-03-03T04:21:00.0,-0.06000000000005912,0.29,-0.36000000000001364,,-2.0462,2.125,0.937
2020-03-03T04:22:00.0,0.17,0.25,-1.3400000000000318,,-2.0462,2.187,0.875
2020-03-03T04:23:00.0,-0.10000000000002274,0.01,0.21,,-2.0462,2.187,0.812
2020-03-03T04:24:00.0,0.17,0.17,-0.06000000000005912,,-2.0462,2.187,0.875
2020-03-03T04:25:00.0,0.17,0.13,-1.2799999999999727,,-2.0462,2.125,0.812
2020-03-03T04:26:00.0,0.41,0.21,-0.36000000000001364,,-2.0462,2.125,0.687
2020-03-03T04:27:00.0,-0.06000000000005912,0.01,-0.8000000000000682,,-2.0462,2.125,0.687
2020-03-03T04:28:00.0,0.21,-0.13999999999998636,-0.39999999999997726,,-2.0462,2.125,0.687
2020-03-03T04:29:00.0,0.05,-0.2799999999999727,-0.5600000000000591,,-2.0462,2.125,0.75
2020-03-03T04:30:00.0,-0.06000000000005912,-0.32000000000005,-0.6399999999999864,,-2.0462,2.125,0.75
2020-03-03T04:31:00.0,0.37,-0.36000000000001364,-1.1200000000000045,,-2.0462,2.062,0.75
2020-03-03T04:32:00.0,-0.10000000000002274,0.43,-0.44000000000005457,,-2.0462,2.062,0.75
2020-03-03T04:33:00.0,0.13,0.13,-0.06000000000005912,,-2.0462,2.062,0.75
2020-03-03T04:34:00.0,0.13,0.13,-0.6800000000000637,,-2.0462,2.062,0.75
2020-03-03T04:35:00.0,0.21,-0.22000000000002728,-0.22000000000002728,,-2.0462,2.062,0.687
2020-03-03T04:36:00.0,0.43,-0.18000000000006366,-0.06000000000005912,,-2.0462,2.062,0.687
2020-03-03T04:37:00.0,-0.10000000000002274,-0.22000000000002728,-0.2599999999999909,,-2.0462,2.062,0.75
2020-03-03T04:38:00.0,0.33,-0.01999999999998181,-0.39999999999997726,,-2.0462,2.062,0.75
2020-03-03T04:39:00.0,-0.13999999999998636,-0.32000000000005,-0.2799999999999727,,-2.0462,2.062,0.75
2020-03-03T04:40:00.0,0.09,-0.13999999999998636,-0.8000000000000682,,-2.0462,2,0.75
2020-03-03T04:41:00.0,0.13,-0.4800000000000182,-0.8799999999999955,,-2.0462,2.062,0.75
2020-03-03T04:42:00.0,0.17,-0.06000000000005912,-1.5400000000000773,,-2.0462,2,0.75
2020-03-03T04:43:00.0,0.09,0.43,-0.39999999999997726,,-2.0462,2.062,0.625
2020-03-03T04:44:00.0,0.13,-0.06000000000005912,-1.240000000000009,,-2.0462,2.062,0.625
2020-03-03T04:45:00.0,-0.06000000000005912,-0.18000000000006366,-0.6000000000000227,,-2.0462,2.062,0.75
2020-03-03T04:46:00.0,-0.2599999999999909,0.13,-1.3400000000000318,,-2.0462,2,0.75
2020-03-03T04:47:00.0,-0.22000000000002728,0.01,-0.18000000000006366,,-2.0462,2,0.687
2020-03-03T04:48:00.0,-0.2799999999999727,0.09,-0.7599999999999909,,-2.0462,2,0.75
2020-03-03T04:49:00.0,-0.2599999999999909,-0.18000000000006366,-1.240000000000009,,-2.0462,2,0.75
2020-03-03T04:50:00.0,-0.18000000000006366,-0.39999999999997726,-0.6000000000000227,,-2.0462,2,0.75
2020-03-03T04:51:00.0,0.05,-0.36000000000001364,-1.2000000000000455,,-2.0462,2.062,0.687
2020-03-03T04:52:00.0,-0.39999999999997726,-0.2799999999999727,-1.0400000000000773,,-2.0462,2,0.625
2020-03-03T04:53:00.0,-0.06000000000005912,-0.2599999999999909,-0.7200000000000273,,-2.0462,2,0.562
2020-03-03T04:54:00.0,-0.2599999999999909,-0.36000000000001364,-1.0400000000000773,,-2.0462,2,0.5
2020-03-03T04:55:00.0,-0.18000000000006366,-0.32000000000005,-1.080000000000041,,-2.0462,2,0.437
2020-03-03T04:56:00.0,-0.36000000000001364,-0.6399999999999864,-0.4800000000000182,,-2.0462,1.937,0.437
2020-03-03T04:57:00.0,-0.18000000000006366,-0.39999999999997726,-1.4600000000000364,,-2.0462,1.937,0.437
2020-03-03T04:58:00.0,-0.22000000000002728,-0.22000000000002728,-1.0400000000000773,,-2.0462,1.937,0.437
2020-03-03T04:59:00.0,0.05,-0.5600000000000591,-1,,-2.0462,1.937,0.437
2020-03-03T05:00:00.0,-0.22000000000002728,-0.2799999999999727,-0.8000000000000682,,-2.0462,1.875,0.437
2020-03-03T05:01:00.0,-0.39999999999997726,-0.2799999999999727,-1.0400000000000773,,-2.0462,1.875,0.5
2020-03-03T05:02:00.0,0.13,0.13,-0.6000000000000227,,-2.0462,1.875,0.5
2020-03-03T05:03:00.0,0.17,0.01,-0.36000000000001364,,-2.0462,1.875,0.625
2020-03-03T05:04:00.0,0.21,0.29,-0.32000000000005,,-2.0462,1.937,0.687
2020-03-03T05:05:00.0,0.29,-0.2599999999999909,-0.32000000000005,,-2.0462,1.937,0.625
2020-03-03T05:06:00.0,0.05,-0.06000000000005912,-0.9200000000000728,,-2.0462,1.937,0.687
2020-03-03T05:07:00.0,-0.18000000000006366,-0.18000000000006366,-0.7599999999999909,,-2.0462,1.937,0.687
2020-03-03T05:08:00.0,0.13,-0.10000000000002274,-1.080000000000041,,-2.0462,1.937,0.75
2020-03-03T05:09:00.0,-0.01999999999998181,-0.2799999999999727,-0.6800000000000637,,-2.0462,2,0.687
2020-03-03T05:10:00.0,0.01,-0.2799999999999727,-0.8000000000000682,,-2.0462,1.937,0.625
2020-03-03T05:11:00.0,-0.13999999999998636,-0.10000000000002274,-1.2000000000000455,,-2.0462,1.937,0.625
2020-03-03T05:12:00.0,-0.10000000000002274,-0.6000000000000227,-0.8000000000000682,,-2.0462,1.937,0.625
2020-03-03T05:13:00.0,-0.32000000000005,-0.6800000000000637,-1.240000000000009,,-2.0462,1.937,0.562
2020-03-03T05:14:00.0,0.25,-0.4800000000000182,-0.5199999999999818,,-2.0462,1.937,0.562
2020-03-03T05:15:00.0,-0.01999999999998181,-0.22000000000002728,-1.1200000000000045,,-2.0462,1.937,0.562
2020-03-03T05:16:00.0,-0.32000000000005,-0.10000000000002274,-1.2000000000000455,,-2.0462,1.937,0.5
2020-03-03T05:17:00.0,-0.06000000000005912,-0.6399999999999864,-0.2599999999999909,,-2.0462,1.937,0.562
2020-03-03T05:18:00.0,,,,,,,
2020-03-03T05:19:00.0,-0.2599999999999909,-0.5600000000000591,-0.9600000000000364,,-2.0462,1.875,0.562
2020-03-03T05:20:00.0,-0.36000000000001364,-0.4800000000000182,-0.9200000000000728,,-2.0462,1.937,0.5
2020-03-03T05:21:00.0,-0.10000000000002274,0.01,-0.39999999999997726,,-2.0462,1.875,0.5
2020-03-03T05:22:00.0,-0.22000000000002728,-0.5600000000000591,-1.1200000000000045,,-2.0462,1.937,0.5
2020-03-03T05:23:00.0,0.13,-0.36000000000001364,-1.3799999999999955,,-2.0462,1.937,0.687
2020-03-03T05:24:00.0,-0.18000000000006366,-0.18000000000006366,-1.3799999999999955,,-2.0462,1.937,0.625
2020-03-03T05:25:00.0,0.01,-0.18000000000006366,-1.1200000000000045,,-2.0462,1.875,0.625
2020-03-03T05:26:00.0,-0.13999999999998636,-0.5199999999999818,-0.8000000000000682,,-2.0462,1.937,0.625
2020-03-03T05:27:00.0,-0.39999999999997726,-0.18000000000006366,-0.7599999999999909,,-2.0462,1.875,0.562
2020-03-03T05:28:00.0,-0.06000000000005912,-0.06000000000005912,-0.7200000000000273,,-2.0462,1.875,0.5
2020-03-03T05:29:00.0,-0.18000000000006366,-0.2799999999999727,-1.3400000000000318,,-2.0462,1.875,0.562
2020-03-03T05:30:00.0,-0.2599999999999909,-0.7200000000000273,-0.6800000000000637,,-2.0462,1.875,0.562
2020-03-03T05:31:00.0,-0.13999999999998636,-0.32000000000005,-0.9200000000000728,,-2.0462,1.875,0.5
2020-03-03T05:32:00.0,-0.2599999999999909,-0.13999999999998636,-0.7599999999999909,,-2.0462,1.875,0.562
2020-03-03T05:33:00.0,-0.06000000000005912,-0.36000000000001364,-0.6800000000000637,,-2.0462,1.875,0.562
2020-03-03T05:34:00.0,-0.2599999999999909,-0.2599999999999909,-0.36000000000001364,,-2.0462,1.875,0.625
2020-03-03T05:35:00.0,-0.22000000000002728,-0.13999999999998636,-0.6000000000000227,,-2.0462,1.812,0.687
2020-03-03T05:36:00.0,-0.01999999999998181,-0.13999999999998636,0.05,,-2.0462,1.875,0.687
2020-03-03T05:37:00.0,-0.01999999999998181,-0.39999999999997726,-0.6000000000000227,,-2.0462,1.875,0.687
2020-03-03T05:38:00.0,0.09,-0.6000000000000227,-0.4800000000000182,,-2.0462,1.875,0.687
2020-03-03T05:39:00.0,-0.13999999999998636,-0.01999999999998181,-1,,-2.0462,1.875,0.687
2020-03-03T05:40:00.0,-0.36000000000001364,-0.36000000000001364,0.05,,-2.0462,1.875,0.687
2020-03-03T05:41:00.0,0.01,-0.44000000000005457,-1.4600000000000364,,-2.0462,1.875,0.687
2020-03-03T05:42:00.0,-0.06000000000005912,-0.18000000000006366,-0.9200000000000728,,-2.0462,1.875,0.687
2020-03-03T05:43:00.0,-0.2799999999999727,-0.39999999999997726,-1.5400000000000773,,-2.0462,1.875,0.562
2020-03-03T05:44:00.0,-0.32000000000005,-0.2799999999999727,-1.32000000000005,,-2.0462,1.875,0.562
2020-03-03T05:45:00.0,-0.01999999999998181,-0.13999999999998636,-0.6800000000000637,,-2.0462,1.875,0.562
2020-03-03T05:46:00.0,-0.2599999999999909,-0.5199999999999818,-0.9600000000000364,,-2.0462,1.937,0.562
2020-03-03T05:47:00.0,0.13,-0.2799999999999727,-0.6000000000000227,,-2.0462,1.937,0.562
2020-03-03T05:48:00.0,0.05,-0.01999999999998181,-0.8799999999999955,,-2.0462,1.937,0.562
2020-03-03T05:49:00.0,0.01,-0.6000000000000227,-1.3799999999999955,,-2.0462,1.875,0.562
2020-03-03T05:50:00.0,-0.10000000000002274,-0.18000000000006366,-1.1200000000000045,,-2.0462,1.875,0.625
2020-03-03T05:51:00.0,-0.01999999999998181,-0.39999999999997726,-1.6200000000000045,,-2.0462,1.875,0.562
2020-03-03T05:52:00.0,0.05,-0.36000000000001364,-1.2799999999999727,,-2.0462,1.875,0.625
2020-03-03T05:53:00.0,-0.18000000000006366,-0.4800000000000182,-0.4800000000000182,,-2.0462,1.875,0.625
2020-03-03T05:54:00.0,-0.32000000000005,-0.2799999999999727,-0.8799999999999955,,-2.0462,1.875,0.687
2020-03-03T05:55:00.0,0.01,-0.4800000000000182,-1.0400000000000773,,-2.0462,1.875,0.562
2020-03-03T05:56:00.0,-0.06000000000005912,-0.22000000000002728,-1.1599999999999682,,-2.0462,1.875,0.625
2020-03-03T05:57:00.0,-0.2799999999999727,-0.6800000000000637,-0.7200000000000273,,-2.0462,1.875,0.625
2020-03-03T05:58:00.0,-0.13999999999998636,-0.36000000000001364,-1.3400000000000318,,-2.0462,1.875,0.562
2020-03-03T05:59:00.0,-0.10000000000002274,-0.22000000000002728,-0.13999999999998636,,-2.0462,1.875,0.562
2020-03-03T06:00:00.0,-0.13999999999998636,-0.13999999999998636,-1.2000000000000455,,-2.0462,1.875,0.562
2020-03-03T06:01:00.0,-0.01999999999998181,-0.06000000000005912,-1.6200000000000045,,-2.0462,1.875,0.625
2020-03-03T06:02:00.0,0.13,-0.2799999999999727,-0.8000000000000682,,-2.0462,1.875,0.625
2020-03-03T06:03:00.0,,,,,,,
2020-03-03T06:04:00.0,-0.01999999999998181,-0.36000000000001364,-0.6399999999999864,,-2.0462,1.875,0.562
2020-03-03T06:05:00.0,-0.06000000000005912,0.01,-0.2599999999999909,,-2.0462,1.875,0.562
2020-03-03T06:06:00.0,-0.2799999999999727,-0.4800000000000182,-1.2799999999999727,,-2.0462,1.875,0.625
2020-03-03T06:07:00.0,-0.01999999999998181,-0.44000000000005457,-0.9600000000000364,,-2.0462,1.875,0.625
2020-03-03T06:08:00.0,-0.18000000000006366,-0.18000000000006366,-0.7200000000000273,,-2.0462,1.875,0.562
2020-03-03T06:09:00.0,-0.10000000000002274,-0.4800000000000182,-1.080000000000041,,-2.0462,1.875,0.562
2020-03-03T06:10:00.0,-0.06000000000005912,-0.5600000000000591,-1.6200000000000045,,-2.0462,1.875,0.625
2020-03-03T06:11:00.0,0.13,0.09,-0.9600000000000364,,-2.0462,1.875,0.625
2020-03-03T06:12:00.0,0.21,-0.32000000000005,-1.0400000000000773,,-2.0462,1.875,0.625
2020-03-03T06:13:00.0,0.17,-0.2599999999999909,-0.9600000000000364,,-2.0462,1.875,0.562
2020-03-03T06:14:00.0,-0.32000000000005,-0.5199999999999818,-1.1200000000000045,,-2.0462,1.875,0.562
2020-03-03T06:15:00.0,-0.01999999999998181,-0.2599999999999909,-0.39999999999997726,,-2.0462,1.875,0.687
2020-03-03T06:16:00.0,-0.10000000000002274,-0.2599999999999909,-0.6399999999999864,,-2.0462,1.875,0.687
2020-03-03T06:17:00.0,0.05,-0.13999999999998636,-1.3799999999999955,,-2.0462,1.875,0.75
2020-03-03T06:18:00.0,0.05,-0.10000000000002274,-0.7200000000000273,,-2.0462,1.875,0.687
2020-03-03T06:19:00.0,0.41,-0.10000000000002274,-1.1599999999999682,,-2.0462,1.937,0.75
2020-03-03T06:20:00.0,0.01,0.21,-0.8400000000000318,,-2.0462,1.937,0.75
2020-03-03T06:21:00.0,0.25,-0.10000000000002274,-0.5199999999999818,,-2.0462,1.937,0.75
2020-03-03T06:22:00.0,,,,,,,
2020-03-03T06:23:00.0,0.05,-0.2599999999999909,-1.1599999999999682,,-2.0462,1.937,0.75
2020-03-03T06:24:00.0,0.13,-0.18000000000006366,0.33,,-2.0462,1.937,0.75
2020-03-03T06:25:00.0,,,,,,,
2020-03-03T06:26:00.0,,,,,,,
2020-03-03T06:27:00.0,-0.13999999999998636,-0.6000000000000227,-0.7599999999999909,,-2.0462,2,0.812
2020-03-03T06:28:00.0,0.47,0.05,-0.13999999999998636,,-2.0462,2,0.812
2020-03-03T06:29:00.0,0.01,-0.36000000000001364,-1.1599999999999682,,-2.0462,2.062,0.812
2020-03-03T06:30:00.0,0.33,-0.18000000000006366,-0.8400000000000318,,-2.0462,2.062,0.812
2020-03-03T06:31:00.0,-0.10000000000002274,-0.06000000000005912,-0.6000000000000227,,-2.0462,2.125,0.875
2020-03-03T06:32:00.0,0.21,0.13,-0.7200000000000273,,-2.0462,2.125,0.875
2020-03-03T06:33:00.0,0.33,-0.13999999999998636,-1.1200000000000045,,-2.0462,2.125,0.875
2020-03-03T06:34:00.0,0.25,-0.10000000000002274,0.17,,-2.0462,2.187,0.937
2020-03-03T06:35:00.0,0.09,0.43,-0.9600000000000364,,-2.0462,2.187,0.937
2020-03-03T06:36:00.0,0.79,-0.13999999999998636,-0.36000000000001364,,-2.0462,2.25,0.937
2020-03-03T06:37:00.0,0.33,-0.10000000000002274,-0.8400000000000318,,-2.0462,2.25,1
2020-03-03T06:38:00.0,0.43,0.17,-0.7599999999999909,,-2.0462,2.25,0.937
2020-03-03T06:39:00.0,0.29,0.13,-0.22000000000002728,,-2.0462,2.25,1
2020-03-03T06:40:00.0,0.33,0.17,-0.5600000000000591,,-2.0462,2.312,1
2020-03-03T06:41:00.0,0.29,0.25,-0.10000000000002274,,-2.0462,2.312,1
2020-03-03T06:42:00.0,0.41,0.13,-0.2599999999999909,,-2.0462,2.312,1
2020-03-03T06:43:00.0,0.75,0.13,-0.9600000000000364,,-2.0462,2.375,0.937
2020-03-03T06:44:00.0,0.71,0.33,-0.5199999999999818,,-2.0462,2.375,0.937
2020-03-03T06:45:00.0,0.25,-0.13999999999998636,-0.01999999999998181,,-2.0462,2.375,1
2020-03-03T06:46:00.0,0.25,0.13,-1.080000000000041,,-2.0462,2.375,0.937
2020-03-03T06:47:00.0,0.33,-0.01999999999998181,-0.2599999999999909,,-2.0462,2.437,0.937
2020-03-03T06:48:00.0,0.67,0.25,-0.8400000000000318,,-2.0462,2.437,0.875
2020-03-03T06:49:00.0,0.47,0.17,-0.36000000000001364,,-2.0462,2.437,0.937
2020-03-03T06:50:00.0,0.75,0.29,0.09,,-2.0462,2.437,0.937
2020-03-03T06:51:00.0,,,,,,,
2020-03-03T06:52:00.0,0.97,0.29,-0.6800000000000637,,-2.0462,2.5,1.062
2020-03-03T06:53:00.0,0.79,0.41,-0.2799999999999727,,-2.0462,2.5,1.062
2020-03-03T06:54:00.0,1.29,0.47,0.13,,-2.0462,2.562,1.125
2020-03-03T06:55:00.0,1.05,1.09,0.21,,-2.0462,2.562,1.187
2020-03-03T06:56:00.0,1.17,0.79,-0.22000000000002728,,-2.0462,2.687,1.187
2020-03-03T06:57:00.0,1.33,0.75,0.51,,-2.0462,2.75,1.25
2020-03-03T06:58:00.0,1.29,0.87,0.43,,-2.0462,2.75,1.25
2020-03-03T06:59:00.0,0.79,0.95,0.87,,-2.0462,2.812,1.25
2020-03-03T07:00:00.0,1.05,1.01,-0.44000000000005457,,-2.0462,2.875,1.25
2020-03-03T07:01:00.0,1.05,0.37,0.09,,-2.0462,2.937,1.25
2020-03-03T07:02:00.0,1.13,0.83,0.21,,-2.0462,2.937,1.25
2020-03-03T07:03:00.0,1.05,0.37,0.33,,-2.0462,2.937,1.187
2020-03-03T07:04:00.0,0.71,0.63,0.67,,-2.0462,2.937,1.187
2020-03-03T19:05:00.0,1.51,1.33,-0.06000000000005912,,-2.0462,5.187,3.437
2020-03-03T19:06:00.0,1.25,1.29,0.21,,-2.0462,5.125,3.312
2020-03-03T19:07:00.0,1.55,0.55,0.95,,-2.0462,5.062,3.125
2020-03-03T19:08:00.0,1.75,1.29,0.51,,-2.0462,4.937,2.937
2020-03-03T19:09:00.0,1.71,1.17,0.47,,-2.0462,4.875,2.812
2020-03-03T19:10:00.0,,,,,,,
2020-03-03T19:11:00.0,0.79,1.09,0.33,,-2.0462,4.812,2.687
2020-03-03T19:12:00.0,1.47,1.55,1.09,,-2.0462,4.75,2.625
2020-03-03T19:13:00.0,1.67,1.21,0.47,,-2.0462,4.687,2.687
2020-03-03T19:14:00.0,1.41,1.25,1.01,,-2.0462,4.687,2.687
2020-03-03T19:15:00.0,1.43,1.55,-0.01999999999998181,,-2.0462,4.625,2.687
2020-03-03T19:16:00.0,1.37,1.51,0.43,,-2.0462,4.562,2.562
2020-03-03T19:17:00.0,1.51,1.17,0.95,,-2.0462,4.5,2.562
2020-03-03T19:18:00.0,,,,,,,
2020-03-03T19:19:00.0,1.33,1.47,0.33,,-2.0462,4.437,2.5
2020-03-03T19:20:00.0,1.55,1.29,1.17,,-2.0462,4.375,2.437
2020-03-03T19:21:00.0,1.59,1.37,0.87,,-2.0462,4.312,2.437
2020-03-03T19:22:00.0,1.63,1.43,1.33,,-2.0462,4.25,2.437
2020-03-03T19:23:00.0,1.59,1.51,1.09,,-2.0462,4.187,2.375
2020-03-03T19:24:00.0,1.59,0.95,0.63,,-2.0462,4.187,2.375
2020-03-03T19:25:00.0,1.79,1.47,0.51,,-2.0462,4.187,2.375
2020-03-03T19:26:00.0,1.47,1.41,0.67,,-2.0462,4.187,2.312
2020-03-03T19:27:00.0,1.85,1.41,0.71,,-2.0462,4.125,2.312
2020-03-03T19:28:00.0,1.33,1.25,1.01,,-2.0462,4.062,2.312
2020-03-03T19:29:00.0,1.17,1.09,0.55,,-2.0462,4,2.25
2020-03-03T19:30:00.0,1.51,1.09,0.79,,-2.0462,4,2.25
2020-03-03T19:31:00.0,1.21,1.41,0.97,,-2.0462,4,2.25
2020-03-03T19:32:00.0,1.13,1.09,0.41,,-2.0462,3.937,2.25
2020-03-03T19:33:00.0,0.79,0.91,-0.18000000000006366,,-2.0462,3.875,2.187
2020-03-03T19:34:00.0,0.75,1.05,0.91,,-2.0462,3.812,2.125
2020-03-03T19:35:00.0,1.43,1.05,-0.01999999999998181,,-2.0462,3.812,2.187
2020-03-03T19:36:00.0,1.21,0.51,0.05,,-2.0462,3.812,2.187
2020-03-03T19:37:00.0,0.91,0.83,0.13,,-2.0462,3.812,2.187
2020-03-03T19:38:00.0,0.97,0.87,-0.5199999999999818,,-2.0462,3.75,2.187
2020-03-03T19:39:00.0,1.13,0.75,0.05,,-2.0462,3.75,2.125
2020-03-03T19:40:00.0,0.87,0.75,-0.10000000000002274,,-2.0462,3.687,2.125
2020-03-03T19:41:00.0,0.91,0.83,0.09,,-2.0462,3.687,2.125
2020-03-03T19:42:00.0,1.01,1.05,0.67,,-2.0462,3.687,2.062
2020-03-03T19:43:00.0,0.71,0.71,-0.5199999999999818,,-2.0462,3.625,2.125
2020-03-03T19:44:00.0,1.21,0.83,-0.39999999999997726,,-2.0462,3.625,2.125
2020-03-03T19:45:00.0,1.13,0.01,0.79,,-2.0462,3.625,2.125
2020-03-03T19:46:00.0,0.87,0.91,0.71,,-2.0462,3.562,2.125
2020-03-03T19:47:00.0,1.29,0.51,0.13,,-2.0462,3.562,2.125
2020-03-03T19:48:00.0,0.87,0.71,-0.2599999999999909,,-2.0462,3.562,2.062
2020-03-03T19:49:00.0,0.59,0.59,0.17,,-2.0462,3.5,2.062
2020-03-03T19:50:00.0,0.71,0.63,0.55,,-2.0462,3.5,2.062
2020-03-03T19:51:00.0,0.59,0.41,-0.10000000000002274,,-2.0462,3.5,2
2020-03-03T19:52:00.0,0.75,0.47,0.21,,-2.0462,3.5,2
2020-03-03T19:53:00.0,0.59,0.79,-0.8000000000000682,,-2.0462,3.437,2
2020-03-03T19:54:00.0,0.95,0.51,-0.39999999999997726,,-2.0462,3.437,1.937
2020-03-03T19:55:00.0,1.09,0.97,-0.2599999999999909,,-2.0462,3.437,1.937
2020-03-03T19:56:00.0,0.51,0.37,-0.01999999999998181,,-2.0462,3.437,1.937
2020-03-03T19:57:00.0,0.79,0.67,0.21,,-2.0462,3.375,2
2020-03-03T19:58:00.0,0.95,0.63,0.09,,-2.0462,3.437,2
2020-03-03T19:59:00.0,0.97,0.67,0.37,,-2.0462,3.437,2
2020-03-03T20:00:00.0,0.79,0.37,0.55,,-2.0462,3.437,2
2020-03-03T20:01:00.0,0.71,0.51,0.09,,-2.0462,3.437,2
2020-03-03T20:02:00.0,0.95,0.43,-0.10000000000002274,,-2.0462,3.375,2
2020-03-03T20:03:00.0,1.17,0.25,0.17,,-2.0462,3.437,2
2020-03-03T20:04:00.0,0.97,0.47,0.43,,-2.0462,3.375,2
2020-03-03T20:05:00.0,1.13,0.67,0.55,,-2.0462,3.375,2
2020-03-03T20:06:00.0,0.83,0.51,0.05,,-2.0462,3.375,2
2020-03-03T20:07:00.0,1.13,0.83,0.33,,-2.0462,3.312,2
2020-03-03T20:08:00.0,0.91,0.75,0.25,,-2.0462,3.312,2
2020-03-03T20:09:00.0,0.95,0.63,0.05,,-2.0462,3.312,1.937
2020-03-03T20:10:00.0,0.95,0.21,0.21,,-2.0462,3.312,1.875
2020-03-03T20:11:00.0,1.05,0.51,0.13,,-2.0462,3.312,1.875
2020-03-03T20:12:00.0,0.83,0.91,-0.10000000000002274,,-2.0462,3.312,1.875
2020-03-03T20:13:00.0,0.83,0.63,-0.32000000000005,,-2.0462,3.312,1.875
2020-03-03T20:14:00.0,0.59,0.17,0.21,,-2.0462,3.312,1.812
2020-03-03T20:15:00.0,1.05,0.63,0.33,,-2.0462,3.312,1.875
2020-03-03T20:16:00.0,1.25,0.13,-0.32000000000005,,-2.0462,3.25,1.875
2020-03-03T20:17:00.0,1.05,0.75,0.09,,-2.0462,3.25,1.812
2020-03-03T20:18:00.0,0.59,0.25,0.09,,-2.0462,3.25,1.875
2020-03-03T20:19:00.0,0.79,0.09,-0.01999999999998181,,-2.0462,3.187,1.812
2020-03-03T20:20:00.0,,,,,,,
2020-03-03T20:21:00.0,0.47,0.41,-0.36000000000001364,,-2.0462,3.187,1.812
2020-03-03T20:22:00.0,0.63,0.01,-0.06000000000005912,,-2.0462,3.187,1.812
2020-03-03T20:23:00.0,0.25,0.21,-0.36000000000001364,,-2.0462,3.187,1.812
2020-03-03T20:24:00.0,0.47,0.21,-0.5600000000000591,,-2.0462,3.187,1.75
2020-03-03T20:25:00.0,0.33,-0.32000000000005,-0.6000000000000227,,-2.0462,3.125,1.75
2020-03-03T20:26:00.0,0.17,-0.32000000000005,-0.5600000000000591,,-2.0462,3.125,1.75
2020-03-03T20:27:00.0,0.21,0.13,-0.6800000000000637,,-2.0462,3.125,1.75
2020-03-03T20:28:00.0,0.21,0.05,-0.44000000000005457,,-2.0462,3.125,1.687
2020-03-03T20:29:00.0,0.67,0.05,-0.2799999999999727,,-2.0462,3.062,1.687
2020-03-03T20:30:00.0,,,,,,,
2020-03-03T20:31:00.0,0.17,-0.2599999999999909,-0.18000000000006366,,-2.0462,3.062,1.687
2020-03-03T20:32:00.0,0.33,0.01,-0.6800000000000637,,-2.0462,3.062,1.687
2020-03-03T20:33:00.0,,,,,,,
2020-03-03T20:34:00.0,0.25,-0.22000000000002728,-0.9600000000000364,,-2.0462,3.062,1.75
2020-03-03T20:35:00.0,0.41,0.09,-0.2599999999999909,,-2.0462,3.062,1.75
2020-03-03T20:36:00.0,0.13,0.01,-0.9600000000000364,,-2.0462,3.062,1.75
2020-03-03T20:37:00.0,-0.01999999999998181,-0.4800000000000182,-0.6800000000000637,,-2.0462,3.062,1.687
2020-03-03T20:38:00.0,-0.01999999999998181,-0.06000000000005912,-0.4800000000000182,,-2.0462,3.062,1.687
2020-03-03T20:39:00.0,,,,,,,
2020-03-03T20:40:00.0,-0.22000000000002728,-0.10000000000002274,-0.5199999999999818,,-2.0462,3,1.625
2020-03-03T20:41:00.0,-0.4800000000000182,-0.2799999999999727,-0.5600000000000591,,-2.0462,3,1.625
2020-03-03T20:42:00.0,0.05,-0.44000000000005457,0.29,,-2.0462,3,1.562
2020-03-03T20:43:00.0,-0.4800000000000182,-0.22000000000002728,-0.4800000000000182,,-2.0462,3,1.625
2020-03-03T20:44:00.0,0.21,-0.10000000000002274,-0.7599999999999909,,-2.0462,3,1.625
2020-03-03T20:45:00.0,0.25,0.01,-0.06000000000005912,,-2.0462,3,1.687
2020-03-03T20:46:00.0,0.17,-0.36000000000001364,0.01,,-2.0462,3,1.687
2020-03-03T20:47:00.0,0.33,0.05,-0.10000000000002274,,-2.0462,3,1.75
2020-03-03T20:48:00.0,-0.10000000000002274,-0.13999999999998636,-0.36000000000001364,,-2.0462,3,1.812
2020-03-03T20:49:00.0,0.09,-0.10000000000002274,0.13,,-2.0462,3,1.75
2020-03-03T20:50:00.0,-0.06000000000005912,0.17,0.29,,-2.0462,3.062,1.75
2020-03-03T20:51:00.0,0.51,-0.22000000000002728,-0.39999999999997726,,-2.0462,3.062,1.812
2020-03-03T20:52:00.0,0.59,-0.18000000000006366,0.29,,-2.0462,3.062,1.875
2020-03-03T20:53:00.0,0.71,0.05,0.55,,-2.0462,3.062,1.937
2020-03-03T20:54:00.0,0.41,-0.22000000000002728,0.37,,-2.0462,3.125,2
2020-03-03T20:55:00.0,0.17,0.05,0.67,,-2.0462,3.125,2
2020-03-03T20:56:00.0,0.17,-0.2599999999999909,0.25,,-2.0462,3.125,2
2020-03-03T20:57:00.0,0.51,-0.2599999999999909,0.43,,-2.0462,3.187,2
2020-03-03T20:58:00.0,0.47,-0.01999999999998181,0.75,,-2.0462,3.187,2
2020-03-03T20:59:00.0,0.43,-0.06000000000005912,-0.10000000000002274,,-2.0462,3.187,1.937
2020-03-03T21:00:00.0,0.83,0.05,0.25,,-2.0462,3.187,1.937
2020-03-03T21:01:00.0,1.01,-0.18000000000006366,0.21,,-2.0462,3.25,2.062
2020-03-03T21:02:00.0,0.55,0.43,-0.32000000000005,,-2.0462,3.25,2.062
2020-03-03T21:03:00.0,0.43,-0.13999999999998636,0.13,,-2.0462,3.25,2.062
2020-03-03T21:04:00.0,0.83,0.29,0.75,,-2.0462,3.25,2.062
2020-03-03T21:05:00.0,0.25,0.37,0.17,,-2.0462,3.312,2.062
2020-03-03T21:06:00.0,0.25,-0.01999999999998181,0.21,,-2.0462,3.25,2.125
2020-03-03T21:07:00.0,0.51,0.01,-0.06000000000005912,,-2.0462,3.312,2.062
2020-03-03T21:08:00.0,0.41,0.21,0.41,,-2.0462,3.312,2
2020-03-03T21:09:00.0,0.63,0.17,0.05,,-2.0462,3.312,2
2020-03-03T21:10:00.0,0.43,0.01,0.33,,-2.0462,3.25,1.937
2020-03-03T21:11:00.0,0.41,0.01,0.41,,-2.0462,3.312,1.937
2020-03-03T21:12:00.0,0.71,0.43,-0.01999999999998181,,-2.0462,3.25,1.937
2020-03-03T21:13:00.0,0.87,0.29,-0.10000000000002274,,-2.0462,3.25,1.937
2020-03-03T21:14:00.0,0.67,0.13,0.09,,-2.0462,3.25,1.875
2020-03-03T21:15:00.0,0.37,0.05,0.63,,-2.0462,3.25,1.937
2020-03-03T21:16:00.0,0.83,-0.32000000000005,0.25,,-2.0462,3.25,1.875
2020-03-03T21:17:00.0,0.43,0.05,0.21,,-2.0462,3.25,1.875
2020-03-03T21:18:00.0,,,,,,,
2020-03-03T21:19:00.0,0.83,-0.01999999999998181,-0.36000000000001364,,-2.0462,3.25,1.812
2020-03-03T21:20:00.0,0.83,0.05,0.33,,-2.0462,3.25,1.812
2020-03-03T21:21:00.0,0.59,0.05,-0.01999999999998181,,-2.0462,3.187,1.812
2020-03-03T21:22:00.0,0.55,-0.18000000000006366,-0.5600000000000591,,-2.0462,3.187,1.812
2020-03-03T21:23:00.0,0.83,-0.18000000000006366,0.37,,-2.0462,3.187,1.812
2020-03-03T21:24:00.0,0.55,0.09,-0.10000000000002274,,-2.0462,3.187,1.75
2020-03-03T21:25:00.0,0.51,-0.32000000000005,-0.10000000000002274,,-2.0462,3.125,1.75
2020-03-03T21:26:00.0,0.43,-0.39999999999997726,0.09,,-2.0462,3.125,1.75
2020-03-03T21:27:00.0,0.83,0.09,-0.2799999999999727,,-2.0462,3.125,1.687
2020-03-03T21:28:00.0,0.51,0.09,0.25,,-2.0462,3.125,1.687
2020-03-03T21:29:00.0,0.37,-0.2799999999999727,0.29,,-2.0462,3.125,1.687
2020-03-03T21:30:00.0,0.41,0.09,0.01,,-2.0462,3.125,1.625
2020-03-03T21:31:00.0,,,,,,,
2020-03-03T21:32:00.0,0.59,-0.22000000000002728,-0.13999999999998636,,-2.0462,3.125,1.562
2020-03-03T21:33:00.0,0.17,-0.22000000000002728,0.17,,-2.0462,3.062,1.625
2020-03-03T21:34:00.0,0.25,0.01,-0.22000000000002728,,-2.0462,3,1.625
2020-03-03T21:35:00.0,0.51,-0.10000000000002274,-0.5199999999999818,,-2.0462,3,1.562
2020-03-03T21:36:00.0,0.25,-0.39999999999997726,-0.06000000000005912,,-2.0462,3,1.5
2020-03-03T21:37:00.0,0.33,0.25,-0.01999999999998181,,-2.0462,2.937,1.5
2020-03-03T21:38:00.0,0.47,-0.2799999999999727,0.01,,-2.0462,2.937,1.5
2020-03-03T21:39:00.0,0.43,-0.36000000000001364,-0.2599999999999909,,-2.0462,2.937,1.437
2020-03-03T21:40:00.0,0.09,-0.10000000000002274,-0.6000000000000227,,-2.0462,2.937,1.375
2020-03-03T21:41:00.0,0.09,-0.2799999999999727,0.33,,-2.0462,2.937,1.375
2020-03-03T21:42:00.0,0.59,-0.32000000000005,-0.6800000000000637,,-2.0462,2.937,1.375
2020-03-03T21:43:00.0,-0.01999999999998181,-0.18000000000006366,-0.22000000000002728,,-2.0462,2.875,1.312
2020-03-03T21:44:00.0,0.17,-0.32000000000005,-0.8000000000000682,,-2.0462,2.812,1.375
2020-03-03T21:45:00.0,0.21,-0.2799999999999727,0.33,,-2.0462,2.812,1.312
2020-03-03T21:46:00.0,0.41,-0.5199999999999818,0.21,,-2.0462,2.812,1.25
2020-03-03T21:47:00.0,0.13,-0.06000000000005912,0.05,,-2.0462,2.812,1.25
2020-03-03T21:48:00.0,0.33,-0.22000000000002728,0.05,,-2.0462,2.75,1.25
2020-03-03T21:49:00.0,0.43,0.17,-0.01999999999998181,,-2.0462,2.75,1.187
2020-03-03T21:50:00.0,,,,,,,
2020-03-03T21:51:00.0,0.37,-0.2799999999999727,0.67,,-2.0462,2.687,1.187
2020-03-03T21:52:00.0,0.33,-0.32000000000005,0.01,,-2.0462,2.687,1.187
2020-03-03T21:53:00.0,0.33,-0.2799999999999727,-0.8799999999999955,,-2.0462,2.625,1.187
2020-03-03T21:54:00.0,0.79,-0.01999999999998181,0.29,,-2.0462,2.687,1.187
2020-03-03T21:55:00.0,0.55,0.05,0.17,,-2.0462,2.625,1.187
2020-03-03T21:56:00.0,0.47,-0.39999999999997726,-0.6399999999999864,,-2.0462,2.625,1.187
2020-03-03T21:57:00.0,0.37,-0.2599999999999909,0.21,,-2.0462,2.625,1.187
2020-03-03T21:58:00.0,0.33,-0.2799999999999727,0.13,,-2.0462,2.625,1.25
2020-03-03T21:59:00.0,0.37,0.13,0.43,,-2.0462,2.625,1.25
2020-03-03T22:00:00.0,0.91,-0.22000000000002728,0.37,,-2.0462,2.625,1.25
2020-03-03T22:01:00.0,0.47,-0.2599999999999909,-0.10000000000002274,,-2.0462,2.625,1.25
2020-03-03T22:02:00.0,0.29,-0.32000000000005,-0.6000000000000227,,-2.0462,2.625,1.25
2020-03-03T22:03:00.0,,,,,,,
2020-03-03T22:04:00.0,0.33,-0.2799999999999727,0.21,,-2.0462,2.625,1.312
2020-03-03T22:05:00.0,0.33,-0.22000000000002728,0.51,,-2.0462,2.687,1.312
2020-03-03T22:06:00.0,0.71,0.29,0.17,,-2.0462,2.687,1.375
2020-03-03T22:07:00.0,0.71,-0.10000000000002274,0.47,,-2.0462,2.687,1.437
2020-03-03T22:08:00.0,0.67,-0.22000000000002728,-0.36000000000001364,,-2.0462,2.75,1.625
2020-03-03T22:09:00.0,0.83,-0.10000000000002274,0.17,,-2.0462,2.812,1.75
2020-03-03T22:10:00.0,0.97,-0.2599999999999909,0.09,,-2.0462,2.875,1.812
2020-03-03T22:11:00.0,0.79,0.25,0.37,,-2.0462,2.875,1.937
2020-03-03T22:12:00.0,1.17,0.05,-0.5600000000000591,,-2.0462,2.937,2
2020-03-03T22:13:00.0,0.51,0.13,-0.01999999999998181,,-2.0462,3,1.937
2020-03-03T22:14:00.0,0.79,-0.13999999999998636,0.33,,-2.0462,3,1.75
2020-03-03T22:15:00.0,1.25,0.41,0.59,,-2.0462,3.062,1.687
2020-03-03T22:16:00.0,1.37,0.63,0.79,,-2.0462,3.062,1.75
2020-03-03T22:17:00.0,1.25,0.59,-0.4800000000000182,,-2.0462,3.062,2
2020-03-03T22:18:00.0,1.47,0.67,0.05,,-2.0462,3.125,2.187
2020-03-03T22:19:00.0,1.63,0.79,0.29,,-2.0462,3.187,2.25
2020-03-03T22:20:00.0,1.63,0.59,1.05,,-2.0462,3.25,2.375
2020-03-03T22:21:00.0,1.43,0.67,1.33,,-2.0462,3.312,2.375
2020-03-03T22:22:00.0,,,,,,,
2020-03-03T22:23:00.0,1.67,1.17,0.95,,-2.0462,3.437,2.375
2020-03-03T22:24:00.0,1.79,0.91,1.29,,-2.0462,3.437,2.437
2020-03-03T22:25:00.0,1.55,0.71,0.67,,-2.0462,3.5,2.375
2020-03-03T22:26:00.0,1.43,0.87,1.17,,-2.0462,3.562,2.375
2020-03-03T22:27:00.0,1.75,0.79,0.95,,-2.0462,3.562,2.437
2020-03-03T22:28:00.0,1.67,0.63,0.43,,-2.0462,3.625,2.437
2020-03-03T22:29:00.0,1.43,0.97,0.87,,-2.0462,3.625,2.375
2020-03-03T22:30:00.0,1.51,0.91,0.87,,-2.0462,3.687,2.375
2020-03-03T22:31:00.0,1.71,0.91,1.51,,-2.0462,3.687,2.437
2020-03-03T22:32:00.0,1.67,0.83,0.95,,-2.0462,3.687,2.437
2020-03-03T22:33:00.0,1.63,0.75,0.33,,-2.0462,3.75,2.5
2020-03-03T22:34:00.0,1.75,0.97,0.97,,-2.0462,3.75,2.5
2020-03-03T22:35:00.0,1.71,1.25,0.83,,-2.0462,3.75,2.5
2020-03-03T22:36:00.0,1.85,0.95,1.29,,-2.0462,3.75,2.687
2020-03-03T22:37:00.0,1.85,1.41,0.95,,-2.0462,3.812,2.687
2020-03-03T22:38:00.0,2.09,1.09,1.55,,-2.0462,3.875,2.75
2020-03-03T22:39:00.0,,,,,,,
2020-03-03T22:40:00.0,2.05,1.37,0.97,,-2.0462,3.875,2.75
2020-03-03T22:41:00.0,1.71,0.91,1.33,,-2.0462,3.875,2.812
2020-03-03T22:42:00.0,1.93,1.25,0.51,,-2.0462,3.937,2.812
2020-03-03T22:43:00.0,1.93,1.47,1.47,,-2.0462,3.937,2.75
2020-03-03T22:44:00.0,2.01,1.43,1.83,,-2.0462,3.937,2.75
2020-03-03T22:45:00.0,2.05,1.21,0.59,,-2.0462,4,2.75
2020-03-03T22:46:00.0,1.71,1.25,1.09,,-2.0462,4,2.75
2020-03-03T22:47:00.0,1.79,1.09,0.63,,-2.0462,4,2.687
2020-03-03T22:48:00.0,1.71,1.29,0.87,,-2.0462,3.937,2.687
2020-03-03T22:49:00.0,1.47,1.17,1.13,,-2.0462,4,2.687
2020-03-03T22:50:00.0,1.63,1.17,0.67,,-2.0462,3.937,2.625
2020-03-03T22:51:00.0,1.63,0.79,0.33,,-2.0462,3.937,2.625
2020-03-03T22:52:00.0,,,,,,,
2020-03-03T22:53:00.0,1.01,0.59,0.67,,-2.0462,3.937,2.625
2020-03-03T22:54:00.0,0.87,0.79,0.01,,-2.0462,3.875,2.625
2020-03-03T22:55:00.0,1.01,0.63,0.29,,-2.0462,3.875,2.625
2020-03-03T22:56:00.0,1.17,0.75,0.09,,-2.0462,3.875,2.562
2020-03-03T22:57:00.0,0.71,0.13,0.29,,-2.0462,3.937,2.5
2020-03-03T22:58:00.0,1.25,0.43,0.79,,-2.0462,3.875,2.5
2020-03-03T22:59:00.0,0.87,0.41,0.33,,-2.0462,3.812,2.5
2020-03-03T23:00:00.0,1.09,0.59,1.01,,-2.0462,3.812,2.5
2020-03-03T23:01:00.0,0.97,0.55,0.51,,-2.0462,3.812,2.437
2020-03-03T23:02:00.0,1.21,0.71,0.37,,-2.0462,3.812,2.437
2020-03-03T23:03:00.0,1.01,0.51,0.17,,-2.0462,3.75,2.437
2020-03-03T23:04:00.0,1.21,0.29,0.29,,-2.0462,3.75,2.5
2020-03-03T23:05:00.0,1.33,0.47,-0.18000000000006366,,-2.0462,3.75,2.437
2020-03-03T23:06:00.0,1.25,0.75,0.25,,-2.0462,3.75,2.312
2020-03-03T23:07:00.0,1.09,0.79,0.47,,-2.0462,3.687,2.375
2020-03-03T23:08:00.0,1.47,0.91,0.55,,-2.0462,3.687,2.312
2020-03-03T23:09:00.0,1.33,0.37,0.05,,-2.0462,3.687,2.312
2020-03-03T23:10:00.0,1.29,0.33,0.29,,-2.0462,3.625,2.25
2020-03-03T23:11:00.0,1.21,0.47,1.13,,-2.0462,3.625,2.187
2020-03-03T23:12:00.0,1.05,0.63,-0.13999999999998636,,-2.0462,3.625,2.187
2020-03-03T23:13:00.0,1.29,0.51,0.05,,-2.0462,3.625,2.187
2020-03-03T23:14:00.0,1.43,0.79,1.05,,-2.0462,3.625,2.187
2020-03-03T23:15:00.0,1.33,0.55,-0.10000000000002274,,-2.0462,3.562,2.187
2020-03-03T23:16:00.0,1.79,1.25,0.91,,-2.0462,3.562,2.187
2020-03-03T23:17:00.0,1.17,0.87,0.95,,-2.0462,3.562,2.187
2020-03-03T23:18:00.0,1.63,0.87,-0.18000000000006366,,-2.0462,3.562,2.25
2020-03-03T23:19:00.0,1.25,0.51,0.55,,-2.0462,3.5,2.25
2020-03-03T23:20:00.0,1.09,0.47,0.37,,-2.0462,3.5,2.125
2020-03-03T23:21:00.0,1.09,0.25,-0.10000000000002274,,-2.0462,3.5,2.062
2020-03-03T23:22:00.0,1.59,0.75,0.55,,-2.0462,3.437,2.125
2020-03-03T23:23:00.0,1.37,0.21,0.47,,-2.0462,3.437,2.125
2020-03-03T23:24:00.0,1.09,0.41,0.75,,-2.0462,3.437,2.125
2020-03-03T23:25:00.0,1.33,1.05,0.17,,-2.0462,3.437,2.062
2020-03-03T23:26:00.0,1.05,0.37,0.41,,-2.0462,3.437,2.062
2020-03-03T23:27:00.0,1.41,0.41,0.17,,-2.0462,3.437,2.062
2020-03-03T23:28:00.0,1.33,0.87,1.05,,-2.0462,3.375,2.125
2020-03-03T23:29:00.0,,,,,,,
2020-03-03T23:30:00.0,1.33,0.67,0.71,,-2.0462,3.375,2.187
2020-03-03T23:31:00.0,1.47,0.67,1.01,,-2.0462,3.437,2.25
2020-03-03T23:32:00.0,1.71,0.63,1.05,,-2.0462,3.437,2.25
2020-03-03T23:33:00.0,1.97,0.63,0.83,,-2.0462,3.437,2.25
2020-03-03T23:34:00.0,1.55,0.75,-0.06000000000005912,,-2.0462,3.437,2.187
2020-03-03T23:35:00.0,1.59,0.55,0.25,,-2.0462,3.437,2.187
2020-03-03T23:36:00.0,1.41,1.05,-0.18000000000006366,,-2.0462,3.437,2.125
2020-03-03T23:37:00.0,1.55,0.91,0.83,,-2.0462,3.437,2.125
2020-03-03T23:38:00.0,1.55,1.01,0.41,,-2.0462,3.437,2.125
2020-03-03T23:39:00.0,1.51,0.71,0.41,,-2.0462,3.437,2.125
2020-03-03T23:40:00.0,1.67,0.71,0.87,,-2.0462,3.375,2.125
2020-03-03T23:41:00.0,1.79,0.71,0.55,,-2.0462,3.375,2.062
2020-03-03T23:42:00.0,1.89,0.95,1.41,,-2.0462,3.375,2.062
2020-03-03T23:43:00.0,1.43,0.95,0.91,,-2.0462,3.437,2.187
2020-03-03T23:44:00.0,1.47,0.83,1.05,,-2.0462,3.375,2.187
2020-03-03T23:45:00.0,1.55,1.41,0.97,,-2.0462,3.437,2.25
2020-03-03T23:46:00.0,1.79,1.09,1.21,,-2.0462,3.437,2.25
2020-03-03T23:47:00.0,1.79,1.29,0.75,,-2.0462,3.437,2.312
2020-03-03T23:48:00.0,2.01,1.29,1.21,,-2.0462,3.437,2.25
2020-03-03T23:49:00.0,1.89,0.91,0.55,,-2.0462,3.437,2.25
2020-03-03T23:50:00.0,1.47,1.47,0.59,,-2.0462,3.437,2.312
2020-03-03T23:51:00.0,1.63,1.41,1.63,,-2.0462,3.5,2.312
2020-03-03T23:52:00.0,1.89,1.09,1.05,,-2.0462,3.5,2.312
2020-03-03T23:53:00.0,2.21,1.29,1.25,,-2.0462,3.5,2.312
2020-03-03T23:54:00.0,1.83,1.01,1.05,,-2.0462,3.437,2.25
2020-03-03T23:55:00.0,1.75,1.13,1.13,,-2.0462,3.437,2.312
2020-03-03T23:56:00.0,1.33,1.41,0.87,,-2.0462,3.5,2.25
2020-03-03T23:57:00.0,1.59,0.95,0.79,,-2.0462,3.5,2.25
2020-03-03T23:58:00.0,1.93,0.97,0.95,,-2.0462,3.5,2.25
2020-03-03T23:59:00.0,1.43,0.97,0.67,,-2.0462,3.5,2.25
