time,TempPlant1,TempPlant5,TempPlant6,Air_temp_loc,Humedity,air_temp,Ambient_1
2020-02-02T00:00:00.0,5.23,5.19,4.75,,-2.0462,5.312,4
2020-02-02T00:01:00.0,4.79,5.23,4.67,,-2.0462,5.312,4
2020-02-02T00:02:00.0,5.15,5.51,4.45,,-2.0462,5.312,4.125
2020-02-02T00:03:00.0,5.33,5.37,4.59,,-2.0462,5.312,4.062
2020-02-02T00:04:00.0,5.23,5.71,4.49,,-2.0462,5.25,4.062
2020-02-02T00:05:00.0,5.07,5.45,4.53,,-2.0462,5.25,4.062
2020-02-02T00:06:00.0,5.05,5.45,4.41,,-2.0462,5.25,4
2020-02-02T00:07:00.0,,,,,,,
2020-02-02T00:08:00.0,5.05,5.29,4.33,,-2.0462,5.25,3.937
2020-02-02T00:09:00.0,5.33,5.15,4.33,,-2.0462,5.25,3.875
2020-02-02T00:10:00.0,5.33,4.93,4.59,,-2.0462,5.25,3.875
2020-02-02T00:11:00.0,4.97,4.89,4.23,,-2.0462,5.25,3.812
2020-02-02T00:12:00.0,5.33,5.49,4.15,,-2.0462,5.25,3.812
2020-02-02T00:13:00.0,4.79,5.11,4.31,,-2.0462,5.25,3.875
2020-02-02T00:14:00.0,,,,,,,
2020-02-02T00:15:00.0,5.27,4.97,4.59,,-2.0462,5.25,3.875
2020-02-02T00:16:00.0,5.19,5.11,4.31,,-2.0462,5.312,3.875
2020-02-02T00:17:00.0,5.41,5.33,4.11,,-2.0462,5.312,3.875
2020-02-02T00:18:00.0,5.23,5.29,4.59,,-2.0462,5.312,4
2020-02-02T00:19:00.0,4.67,5.11,4.63,,-2.0462,5.312,3.937
2020-02-02T00:20:00.0,5.11,5.01,4.67,,-2.0462,5.25,3.937
2020-02-02T00:21:00.0,4.89,5.07,4.45,,-2.0462,5.312,3.937
2020-02-02T00:22:00.0,5.23,5.49,4.41,,-2.0462,5.312,4.062
2020-02-02T00:23:00.0,5.23,5.23,4.45,,-2.0462,5.312,4.25
2020-02-02T00:24:00.0,4.93,5.27,4.49,,-2.0462,5.312,4.25
2020-02-02T00:25:00.0,5.07,5.29,4.33,,-2.0462,5.312,4.25
2020-02-02T00:26:00.0,5.45,5.41,4.75,,-2.0462,5.312,4.312
2020-02-02T00:27:00.0,5.23,5.37,4.37,,-2.0462,5.375,4.25
2020-02-02T00:28:00.0,4.93,5.19,4.59,,-2.0462,5.375,4.125
2020-02-02T00:29:00.0,5.05,5.05,4.49,,-2.0462,5.375,4.187
2020-02-02T00:30:00.0,5.15,5.15,4.67,,-2.0462,5.437,4.25
2020-02-02T00:31:00.0,5.15,5.07,4.45,,-2.0462,5.437,4.375
2020-02-02T00:32:00.0,5.59,5.49,4.41,,-2.0462,5.437,4.437
2020-02-02T00:33:00.0,5.41,5.45,4.63,,-2.0462,5.437,4.5
2020-02-02T00:34:00.0,5.37,5.19,4.75,,-2.0462,5.5,4.687
2020-02-02T00:35:00.0,5.51,5.11,4.79,,-2.0462,5.5,4.562
2020-02-02T00:36:00.0,5.73,5.37,4.93,,-2.0462,5.5,4.625
2020-02-02T00:37:00.0,5.45,5.71,4.59,,-2.0462,5.562,4.625
2020-02-02T00:38:00.0,5.11,5.23,4.63,,-2.0462,5.562,4.687
2020-02-02T00:39:00.0,5.15,4.93,4.63,,-2.0462,5.5,4.562
2020-02-02T00:40:00.0,5.15,5.45,4.75,,-2.0462,5.562,4.5
2020-02-02T00:41:00.0,5.05,5.37,4.33,,-2.0462,5.562,4.375
2020-02-02T00:42:00.0,4.97,5.11,4.41,,-2.0462,5.5,4.375
2020-02-02T00:43:00.0,5.27,5.05,4.33,,-2.0462,5.562,4.187
2020-02-02T00:44:00.0,4.97,5.11,3.71,,-2.0462,5.5,4.125
2020-02-02T00:45:00.0,5.23,5.15,4.23,,-2.0462,5.437,4.062
2020-02-02T00:46:00.0,4.93,5.11,4.53,,-2.0462,5.437,4.062
2020-02-02T00:47:00.0,5.11,5.29,4.33,,-2.0462,5.437,4.062
2020-02-02T00:48:00.0,4.79,5.11,4.49,,-2.0462,5.375,4.062
2020-02-02T00:49:00.0,4.85,5.11,4.33,,-2.0462,5.375,4
2020-02-02T00:50:00.0,5.01,5.19,4.59,,-2.0462,5.375,4
2020-02-02T00:51:00.0,4.93,5.07,4.49,,-2.0462,5.375,4
2020-02-02T00:52:00.0,4.93,5.27,4.41,,-2.0462,5.375,4
2020-02-02T00:53:00.0,4.93,5.11,4.31,,-2.0462,5.375,4.125
2020-02-02T00:54:00.0,4.97,5.15,4.41,,-2.0462,5.375,4.062
2020-02-02T00:55:00.0,4.75,4.85,4.31,,-2.0462,5.375,4
2020-02-02T00:56:00.0,4.67,5.19,4.37,,-2.0462,5.375,3.937
2020-02-02T00:57:00.0,5.01,4.79,4.19,,-2.0462,5.312,3.812
2020-02-02T00:58:00.0,4.37,4.67,4.19,,-2.0462,5.312,3.625
2020-02-02T00:59:00.0,5.15,4.97,4.31,,-2.0462,5.25,3.75
2020-02-02T01:00:00.0,5.01,4.71,4.53,,-2.0462,5.25,3.937
2020-02-02T01:01:00.0,4.71,4.85,4.45,,-2.0462,5.25,3.875
2020-02-02T01:02:00.0,4.85,5.23,4.11,,-2.0462,5.25,4
2020-02-02T01:03:00.0,4.93,5.15,4.27,,-2.0462,5.25,4.062
2020-02-02T01:04:00.0,4.89,4.85,4.63,,-2.0462,5.25,4.062
2020-02-02T01:05:00.0,4.81,5.15,4.37,,-2.0462,5.312,4.062
2020-02-02T01:06:00.0,4.89,4.79,4.07,,-2.0462,5.312,4.062
2020-02-02T01:07:00.0,4.85,4.85,4.37,,-2.0462,5.312,4.062
2020-02-02T01:08:00.0,4.97,4.89,4.27,,-2.0462,5.312,4.062
2020-02-02T01:09:00.0,4.81,4.97,4.19,,-2.0462,5.312,3.937
2020-02-02T01:10:00.0,4.97,4.81,4.15,,-2.0462,5.312,3.937
2020-02-02T01:11:00.0,4.81,4.81,4.01,,-2.0462,5.375,3.875
2020-02-02T01:12:00.0,4.81,4.89,4.07,,-2.0462,5.312,3.937
2020-02-02T01:13:00.0,5.07,5.11,4.59,,-2.0462,5.375,4.062
2020-02-02T01:14:00.0,5.07,4.89,4.23,,-2.0462,5.312,4.062
2020-02-02T01:15:00.0,5.27,5.11,4.27,,-2.0462,5.375,4.062
2020-02-02T01:16:00.0,,,,,,,
2020-02-02T01:17:00.0,4.85,4.89,4.23,,-2.0462,5.375,4
2020-02-02T01:18:00.0,5.01,4.89,4.15,,-2.0462,5.312,3.937
2020-02-02T01:19:00.0,5.15,4.85,4.23,,-2.0462,5.312,4
2020-02-02T01:20:00.0,4.93,4.93,4.19,,-2.0462,5.375,4.125
2020-02-02T01:21:00.0,5.11,5.11,4.23,,-2.0462,5.375,4.125
2020-02-02T01:22:00.0,5.01,5.05,4.31,,-2.0462,5.375,4.187
2020-02-02T01:23:00.0,,,,,,,
2020-02-02T01:24:00.0,5.07,5.19,4.19,,-2.0462,5.375,4.312
2020-02-02T01:25:00.0,4.89,5.11,4.53,,-2.0462,5.375,4.25
2020-02-02T01:26:00.0,5.11,5.15,4.49,,-2.0462,5.437,4.25
2020-02-02T01:27:00.0,4.81,5.07,4.23,,-2.0462,5.437,4.312
2020-02-02T01:28:00.0,4.85,5.11,4.41,,-2.0462,5.437,4.375
2020-02-02T01:29:00.0,5.07,5.11,4.45,,-2.0462,5.437,4.375
2020-02-02T01:30:00.0,5.23,5.15,4.33,,-2.0462,5.437,4.375
2020-02-02T01:31:00.0,4.97,5.05,4.59,,-2.0462,5.437,4.437
2020-02-02T01:32:00.0,4.93,4.89,4.27,,-2.0462,5.437,4.437
2020-02-02T01:33:00.0,,,,,,,
2020-02-02T01:34:00.0,5.29,5.27,4.41,,-2.0462,5.437,4.25
2020-02-02T01:35:00.0,5.05,5.15,4.53,,-2.0462,5.375,4.125
2020-02-02T01:36:00.0,5.01,4.93,4.49,,-2.0462,5.437,4.062
2020-02-02T01:37:00.0,4.97,5.01,4.41,,-2.0462,5.375,4.062
2020-02-02T01:38:00.0,4.97,5.41,4.41,,-2.0462,5.375,4.187
2020-02-02T01:39:00.0,5.07,4.93,4.41,,-2.0462,5.375,4.312
2020-02-02T01:40:00.0,5.07,5.01,4.71,,-2.0462,5.375,4.312
2020-02-02T01:41:00.0,5.33,5.27,4.53,,-2.0462,5.437,4.312
2020-02-02T01:42:00.0,5.05,5.19,4.45,,-2.0462,5.437,4.25
2020-02-02T01:43:00.0,4.85,4.85,4.41,,-2.0462,5.437,4.187
2020-02-02T01:44:00.0,5.11,5.15,4.49,,-2.0462,5.437,4.25
2020-02-02T01:45:00.0,4.67,5.07,4.23,,-2.0462,5.437,4.187
2020-02-02T01:46:00.0,4.93,5.01,4.57,,-2.0462,5.437,4.125
2020-02-02T01:47:00.0,4.75,5.15,4.33,,-2.0462,5.437,4.125
2020-02-02T01:48:00.0,4.93,5.05,3.41,,-2.0462,5.375,4.187
2020-02-02T01:49:00.0,4.75,4.89,4.59,,-2.0462,5.375,4.125
2020-02-02T01:50:00.0,4.85,4.85,4.19,,-2.0462,5.375,4.187
2020-02-02T01:51:00.0,5.07,5.37,4.27,,-2.0462,5.375,4.25
2020-02-02T01:52:00.0,4.85,5.07,4.31,,-2.0462,5.375,4.312
2020-02-02T01:53:00.0,5.01,5.29,3.63,,-2.0462,5.375,4.312
2020-02-02T01:54:00.0,4.97,4.85,4.15,,-2.0462,5.437,4.187
2020-02-02T01:55:00.0,5.07,5.33,4.79,,-2.0462,5.375,4.25
2020-02-02T01:56:00.0,4.71,4.97,4.37,,-2.0462,5.375,4.375
2020-02-02T01:57:00.0,5.05,4.93,4.57,,-2.0462,5.437,4.437
2020-02-02T01:58:00.0,4.89,5.29,4.31,,-2.0462,5.437,4.375
2020-02-02T01:59:00.0,5.27,5.27,4.33,,-2.0462,5.437,4.437
2020-02-02T02:00:00.0,5.11,5.27,4.41,,-2.0462,5.437,4.437
2020-02-02T02:01:00.0,5.05,5.07,4.31,,-2.0462,5.437,4.375
2020-02-02T02:02:00.0,5.15,5.41,4.31,,-2.0462,5.437,4.437
2020-02-02T02:03:00.0,4.97,5.41,4.45,,-2.0462,5.437,4.5
2020-02-02T02:04:00.0,5.15,5.59,4.49,,-2.0462,5.437,4.562
2020-02-02T02:05:00.0,5.15,5.33,4.57,,-2.0462,5.437,4.562
2020-02-02T02:06:00.0,5.19,5.27,4.57,,-2.0462,5.5,4.562
2020-02-02T02:07:00.0,5.01,5.15,4.37,,-2.0462,5.5,4.562
2020-02-02T02:08:00.0,4.75,5.15,4.53,,-2.0462,5.5,4.687
2020-02-02T02:09:00.0,5.27,5.05,4.59,,-2.0462,5.562,4.625
2020-02-02T02:10:00.0,5.27,4.93,4.63,,-2.0462,5.562,4.625
2020-02-02T02:11:00.0,5.23,5.29,4.23,,-2.0462,5.562,4.625
2020-02-02T02:12:00.0,5.11,5.41,4.63,,-2.0462,5.562,4.562
2020-02-02T02:13:00.0,5.23,5.23,4.37,,-2.0462,5.562,4.562
2020-02-02T02:14:00.0,5.07,5.05,4.41,,-2.0462,5.5,4.5
2020-02-02T02:15:00.0,5.15,5.29,4.37,,-2.0462,5.5,4.5
2020-02-02T02:16:00.0,5.19,5.49,4.63,,-2.0462,5.562,4.625
2020-02-02T02:17:00.0,5.07,5.11,4.45,,-2.0462,5.562,4.625
2020-02-02T02:18:00.0,5.33,5.19,4.67,,-2.0462,5.562,4.562
2020-02-02T02:19:00.0,5.29,4.49,4.45,,-2.0462,5.562,4.562
2020-02-02T02:20:00.0,5.27,5.05,4.19,,-2.0462,5.562,4.437
2020-02-02T02:21:00.0,4.71,5.27,4.49,,-2.0462,5.562,4.5
2020-02-02T02:22:00.0,5.07,5.29,4.41,,-2.0462,5.562,4.5
2020-02-02T02:23:00.0,5.01,5.01,4.27,,-2.0462,5.562,4.437
2020-02-02T02:24:00.0,5.07,4.93,4.67,,-2.0462,5.562,4.437
2020-02-02T02:25:00.0,5.27,4.45,4.53,,-2.0462,5.562,4.625
2020-02-02T02:26:00.0,5.19,5.37,4.59,,-2.0462,5.562,4.687
2020-02-02T02:27:00.0,4.85,5.07,4.49,,-2.0462,5.562,4.687
2020-02-02T02:28:00.0,4.85,4.75,4.41,,-2.0462,5.562,4.5
2020-02-02T02:29:00.0,5.33,4.97,4.53,,-2.0462,5.5,4.5
2020-02-02T02:30:00.0,4.97,5.23,4.41,,-2.0462,5.562,4.5
2020-02-02T02:31:00.0,5.11,5.07,4.41,,-2.0462,5.5,4.5
2020-02-02T02:32:00.0,4.63,5.19,4.41,,-2.0462,5.5,4.437
2020-02-02T02:33:00.0,4.97,4.15,4.57,,-2.0462,5.562,4.375
2020-02-02T02:34:00.0,5.11,4.97,3.49,,-2.0462,5.5,4.437
2020-02-02T02:35:00.0,4.89,5.05,4.33,,-2.0462,5.5,4.437
2020-02-02T02:36:00.0,4.89,5.19,4.41,,-2.0462,5.5,4.562
2020-02-02T02:37:00.0,5.15,5.37,4.19,,-2.0462,5.5,4.562
2020-02-02T02:38:00.0,4.97,5.01,4.07,,-2.0462,5.5,4.5
2020-02-02T02:39:00.0,5.15,4.81,4.37,,-2.0462,5.5,4.5
2020-02-02T02:40:00.0,5.05,5.27,4.63,,-2.0462,5.5,4.5
2020-02-02T02:41:00.0,5.07,5.11,4.49,,-2.0462,5.5,4.437
2020-02-02T02:42:00.0,4.93,5.01,4.05,,-2.0462,5.5,4.5
2020-02-02T02:43:00.0,5.33,5.55,4.53,,-2.0462,5.5,4.437
2020-02-02T02:44:00.0,4.89,4.97,4.37,,-2.0462,5.5,4.437
2020-02-02T02:45:00.0,5.05,5.07,4.07,,-2.0462,5.437,4.312
2020-02-02T02:46:00.0,4.81,4.97,4.05,,-2.0462,5.437,4.375
2020-02-02T02:47:00.0,4.85,4.97,4.45,,-2.0462,5.437,4.375
2020-02-02T02:48:00.0,5.11,4.81,4.23,,-2.0462,5.437,4.312
2020-02-02T02:49:00.0,5.05,4.97,4.37,,-2.0462,5.437,4.25
2020-02-02T02:50:00.0,4.67,5.23,4.63,,-2.0462,5.437,4.25
2020-02-02T02:51:00.0,5.01,5.23,4.37,,-2.0462,5.375,4.312
2020-02-02T02:52:00.0,5.15,5.07,4.57,,-2.0462,5.437,4.375
2020-02-02T02:53:00.0,4.97,4.71,4.41,,-2.0462,5.375,4.312
2020-02-02T02:54:00.0,4.79,5.07,4.23,,-2.0462,5.375,4.25
2020-02-02T02:55:00.0,5.19,5.49,4.19,,-2.0462,5.375,4.312
2020-02-02T02:56:00.0,5.23,5.33,4.53,,-2.0462,5.437,4.437
2020-02-02T02:57:00.0,5.15,4.97,4.33,,-2.0462,5.437,4.437
2020-02-02T02:58:00.0,4.93,5.01,4.49,,-2.0462,5.437,4.437
2020-02-02T02:59:00.0,5.23,5.05,4.23,,-2.0462,5.437,4.562
2020-02-02T03:00:00.0,4.85,4.97,4.37,,-2.0462,5.437,4.562
2020-02-02T03:01:00.0,5.15,5.15,4.45,,-2.0462,5.437,4.5
2020-02-02T03:02:00.0,5.29,5.37,4.41,,-2.0462,5.437,4.562
2020-02-02T03:03:00.0,5.55,5.19,4.71,,-2.0462,5.562,4.687
2020-02-02T03:04:00.0,5.29,5.19,4.63,,-2.0462,5.5,4.75
2020-02-02T03:05:00.0,5.23,5.27,4.37,,-2.0462,5.562,4.625
2020-02-02T03:06:00.0,5.23,5.29,4.41,,-2.0462,5.562,4.812
2020-02-02T03:07:00.0,5.41,5.33,4.19,,-2.0462,5.562,4.812
2020-02-02T03:08:00.0,,,,,,,
2020-02-02T03:09:00.0,5.49,5.77,4.45,,-2.0462,5.625,4.75
2020-02-02T03:10:00.0,5.15,5.49,4.53,,-2.0462,5.562,4.812
2020-02-02T03:11:00.0,5.05,5.23,4.67,,-2.0462,5.625,4.75
2020-02-02T03:12:00.0,4.85,5.41,4.71,,-2.0462,5.625,4.687
2020-02-02T03:13:00.0,5.01,5.11,4.71,,-2.0462,5.625,4.625
2020-02-02T03:14:00.0,5.23,5.23,3.71,,-2.0462,5.625,4.625
2020-02-02T03:15:00.0,5.15,5.37,4.63,,-2.0462,5.625,4.562
2020-02-02T03:16:00.0,4.97,5.37,4.57,,-2.0462,5.625,4.437
2020-02-02T03:17:00.0,4.85,4.85,4.37,,-2.0462,5.562,4.312
2020-02-02T03:18:00.0,5.07,4.97,4.53,,-2.0462,5.5,4.312
2020-02-02T03:19:00.0,4.63,5.01,4.41,,-2.0462,5.5,4.312
2020-02-02T03:20:00.0,5.01,5.15,4.23,,-2.0462,5.5,4.375
2020-02-02T03:21:00.0,5.29,5.15,4.75,,-2.0462,5.5,4.312
2020-02-02T03:22:00.0,5.67,5.41,4.57,,-2.0462,5.5,4.437
2020-02-02T03:23:00.0,5.01,5.37,4.27,,-2.0462,5.5,4.625
2020-02-02T03:24:00.0,5.15,4.97,4.57,,-2.0462,5.562,4.625
2020-02-02T03:25:00.0,5.11,5.29,4.41,,-2.0462,5.562,4.687
2020-02-02T03:26:00.0,4.97,5.23,4.75,,-2.0462,5.562,4.687
2020-02-02T03:27:00.0,,,,,,,
2020-02-02T03:28:00.0,5.05,5.89,4.79,,-2.0462,5.625,4.75
2020-02-02T03:29:00.0,5.45,5.59,4.79,,-2.0462,5.687,4.937
2020-02-02T03:30:00.0,5.71,5.95,4.79,,-2.0462,5.687,4.937
2020-02-02T03:31:00.0,5.67,5.41,4.81,,-2.0462,5.75,4.875
2020-02-02T03:32:00.0,5.51,5.51,4.63,,-2.0462,5.687,4.875
2020-02-02T03:33:00.0,5.45,5.73,4.71,,-2.0462,5.75,4.875
2020-02-02T03:34:00.0,,,,,,,
2020-02-02T03:35:00.0,5.63,5.51,4.81,,-2.0462,5.812,4.937
2020-02-02T03:36:00.0,5.33,5.33,4.45,,-2.0462,5.812,4.75
2020-02-02T03:37:00.0,5.15,5.11,4.71,,-2.0462,5.812,4.687
2020-02-02T03:38:00.0,5.01,5.11,4.59,,-2.0462,5.75,4.562
2020-02-02T03:39:00.0,5.05,5.29,4.71,,-2.0462,5.75,4.562
2020-02-02T03:40:00.0,4.89,5.33,4.49,,-2.0462,5.75,4.5
2020-02-02T03:41:00.0,4.97,5.19,4.59,,-2.0462,5.687,4.437
2020-02-02T03:42:00.0,5.37,5.49,4.71,,-2.0462,5.687,4.562
2020-02-02T03:43:00.0,5.15,5.29,4.85,,-2.0462,5.687,4.812
2020-02-02T03:44:00.0,5.41,5.37,4.79,,-2.0462,5.75,4.875
2020-02-02T03:45:00.0,5.07,5.29,4.49,,-2.0462,5.75,4.937
2020-02-02T03:46:00.0,5.33,5.29,4.57,,-2.0462,5.812,4.937
2020-02-02T03:47:00.0,5.29,5.29,4.59,,-2.0462,5.812,4.937
2020-02-02T03:48:00.0,5.07,5.15,4.53,,-2.0462,5.812,4.937
2020-02-02T03:49:00.0,4.97,5.19,4.31,,-2.0462,5.812,4.75
2020-02-02T03:50:00.0,5.11,5.01,4.75,,-2.0462,5.75,4.687
2020-02-02T03:51:00.0,5.07,5.07,4.53,,-2.0462,5.75,4.687
2020-02-02T03:52:00.0,5.33,5.33,4.67,,-2.0462,5.75,4.687
2020-02-02T03:53:00.0,5.15,5.41,4.59,,-2.0462,5.75,4.812
2020-02-02T03:54:00.0,5.05,5.27,4.33,,-2.0462,5.75,4.875
2020-02-02T03:55:00.0,5.01,4.79,4.63,,-2.0462,5.75,4.937
2020-02-02T03:56:00.0,5.49,5.19,4.63,,-2.0462,5.75,5.062
2020-02-02T03:57:00.0,5.41,5.27,3.89,,-2.0462,5.812,5.187
2020-02-02T03:58:00.0,5.49,5.41,4.67,,-2.0462,5.812,5.187
2020-02-02T03:59:00.0,5.29,5.45,4.57,,-2.0462,5.812,5.125
2020-02-02T04:00:00.0,5.07,5.15,4.93,,-2.0462,5.875,5.25
2020-02-02T04:01:00.0,5.23,5.29,4.45,,-2.0462,5.875,5.25
2020-02-02T04:02:00.0,5.33,5.29,4.71,,-2.0462,5.875,5.25
2020-02-02T04:03:00.0,5.51,5.67,4.53,,-2.0462,5.875,5.312
2020-02-02T04:04:00.0,4.97,5.45,4.81,,-2.0462,5.875,5.25
2020-02-02T04:05:00.0,5.33,4.37,4.63,,-2.0462,5.937,5.187
2020-02-02T04:06:00.0,5.41,5.19,4.33,,-2.0462,5.937,5.062
2020-02-02T04:07:00.0,5.81,5.49,4.75,,-2.0462,5.937,5.125
2020-02-02T04:08:00.0,4.97,5.51,4.85,,-2.0462,5.937,5.187
2020-02-02T04:09:00.0,5.15,5.29,4.41,,-2.0462,5.937,5.25
2020-02-02T04:10:00.0,5.49,5.07,4.63,,-2.0462,5.937,5.312
2020-02-02T04:11:00.0,5.51,5.29,4.71,,-2.0462,5.937,5.187
2020-02-02T04:12:00.0,5.55,5.63,4.59,,-2.0462,5.937,5.25
2020-02-02T04:13:00.0,5.49,5.23,4.63,,-2.0462,5.937,5.312
2020-02-02T04:14:00.0,5.29,4.97,4.53,,-2.0462,5.937,5.25
2020-02-02T04:15:00.0,5.41,4.97,4.57,,-2.0462,5.937,5.187
2020-02-02T04:16:00.0,4.93,5.49,4.53,,-2.0462,5.937,5.187
2020-02-02T04:17:00.0,5.19,5.49,4.49,,-2.0462,5.937,5.125
2020-02-02T04:18:00.0,5.07,5.27,4.41,,-2.0462,5.937,5.187
2020-02-02T04:19:00.0,4.93,5.11,4.33,,-2.0462,5.937,5.062
2020-02-02T04:20:00.0,5.29,5.15,4.63,,-2.0462,5.937,5.062
2020-02-02T04:21:00.0,5.29,5.33,4.63,,-2.0462,5.937,5
2020-02-02T04:22:00.0,5.01,5.19,4.67,,-2.0462,5.937,5.125
2020-02-02T04:23:00.0,5.29,5.27,4.71,,-2.0462,5.937,5.062
2020-02-02T04:24:00.0,5.23,5.37,4.41,,-2.0462,5.937,5.062
2020-02-02T04:25:00.0,5.11,4.89,4.45,,-2.0462,5.937,4.875
2020-02-02T04:26:00.0,4.81,4.93,4.37,,-2.0462,5.875,4.75
2020-02-02T04:27:00.0,5.11,5.11,4.57,,-2.0462,5.875,4.812
2020-02-02T04:28:00.0,5.27,5.07,4.59,,-2.0462,5.875,4.937
2020-02-02T04:29:00.0,5.07,5.07,4.53,,-2.0462,5.875,5
2020-02-02T04:30:00.0,5.07,5.19,4.53,,-2.0462,5.875,5.062
2020-02-02T04:31:00.0,5.23,5.07,4.45,,-2.0462,5.875,5.125
2020-02-02T04:32:00.0,4.79,4.89,4.41,,-2.0462,5.875,5
2020-02-02T04:33:00.0,5.05,5.29,4.45,,-2.0462,5.875,5
2020-02-02T04:34:00.0,5.15,5.45,4.63,,-2.0462,5.875,5
2020-02-02T04:35:00.0,4.97,5.05,4.53,,-2.0462,5.875,5.25
2020-02-02T04:36:00.0,5.15,5.05,4.81,,-2.0462,5.875,5.25
2020-02-02T04:37:00.0,5.15,5.15,4.37,,-2.0462,5.875,5.125
2020-02-02T04:38:00.0,5.29,5.15,4.41,,-2.0462,5.875,5.062
2020-02-02T04:39:00.0,5.37,5.37,4.53,,-2.0462,5.937,5.187
2020-02-02T04:40:00.0,5.15,5.27,4.57,,-2.0462,5.937,5.187
2020-02-02T04:41:00.0,5.27,4.85,4.57,,-2.0462,5.937,5.25
2020-02-02T04:42:00.0,5.05,4.81,4.27,,-2.0462,5.937,5.312
2020-02-02T04:43:00.0,5.07,5.19,4.31,,-2.0462,6,5.187
2020-02-02T04:44:00.0,5.41,5.05,4.27,,-2.0462,5.937,5.062
2020-02-02T04:45:00.0,5.41,5.05,4.33,,-2.0462,5.937,5.062
2020-02-02T04:46:00.0,5.41,5.11,4.49,,-2.0462,5.937,5.125
2020-02-02T04:47:00.0,5.23,5.37,4.49,,-2.0462,5.937,5.125
2020-02-02T04:48:00.0,5.63,5.07,4.57,,-2.0462,5.937,5.125
2020-02-02T04:49:00.0,5.23,5.23,4.49,,-2.0462,5.937,5.187
2020-02-02T04:50:00.0,5.27,5.01,4.41,,-2.0462,6,5.125
2020-02-02T04:51:00.0,5.19,5.05,4.53,,-2.0462,6,5.125
2020-02-02T04:52:00.0,5.05,4.93,3.67,,-2.0462,6,5.125
2020-02-02T04:53:00.0,5.45,4.93,4.27,,-2.0462,5.937,5.125
2020-02-02T04:54:00.0,5.37,5.15,4.75,,-2.0462,5.937,5.187
2020-02-02T04:55:00.0,5.33,5.01,3.89,,-2.0462,5.937,5.187
2020-02-02T04:56:00.0,5.45,5.41,4.67,,-2.0462,6,5.062
2020-02-02T04:57:00.0,5.63,5.15,4.49,,-2.0462,6,5.062
2020-02-02T04:58:00.0,5.49,5.29,4.49,,-2.0462,5.937,5.062
2020-02-02T04:59:00.0,5.41,5.33,4.67,,-2.0462,5.937,5.125
2020-02-02T05:00:00.0,5.15,4.93,4.41,,-2.0462,5.937,5.062
2020-02-02T05:01:00.0,5.63,5.19,4.37,,-2.0462,6,5.062
2020-02-02T05:02:00.0,5.29,5.15,4.59,,-2.0462,6,5
2020-02-02T05:03:00.0,5.55,5.29,4.81,,-2.0462,5.937,5
2020-02-02T05:04:00.0,5.33,5.27,4.53,,-2.0462,6,5.062
2020-02-02T05:05:00.0,5.07,5.37,4.89,,-2.0462,6,5
2020-02-02T05:06:00.0,5.51,5.41,4.79,,-2.0462,6,4.937
2020-02-02T05:07:00.0,5.41,5.41,3.75,,-2.0462,6,4.875
2020-02-02T05:08:00.0,5.49,5.29,4.63,,-2.0462,6,4.937
2020-02-02T05:09:00.0,5.81,5.71,4.63,,-2.0462,6,4.937
2020-02-02T05:10:00.0,5.55,5.29,4.59,,-2.0462,6,5
2020-02-02T05:11:00.0,5.29,5.49,4.41,,-2.0462,6,4.937
2020-02-02T05:12:00.0,5.41,5.55,4.93,,-2.0462,6,5
2020-02-02T05:13:00.0,5.59,5.59,4.63,,-2.0462,6,4.937
2020-02-02T05:14:00.0,5.33,5.49,4.93,,-2.0462,6,4.937
2020-02-02T05:15:00.0,5.55,5.29,4.79,,-2.0462,6,4.937
2020-02-02T05:16:00.0,5.45,5.29,5.07,,-2.0462,6.062,4.875
2020-02-02T05:17:00.0,5.63,5.33,4.89,,-2.0462,6.062,4.875
2020-02-02T05:18:00.0,5.55,5.41,4.89,,-2.0462,6.062,4.937
2020-02-02T05:19:00.0,5.71,5.37,4.93,,-2.0462,6,4.937
2020-02-02T05:20:00.0,5.49,5.41,4.81,,-2.0462,6.062,4.937
2020-02-02T05:21:00.0,5.73,5.49,4.97,,-2.0462,6.062,4.937
2020-02-02T05:22:00.0,5.59,5.51,4.89,,-2.0462,6.062,4.937
2020-02-02T05:23:00.0,5.73,4.71,4.57,,-2.0462,6.062,5
2020-02-02T05:24:00.0,5.55,5.45,4.89,,-2.0462,6.062,5
2020-02-02T05:25:00.0,5.55,5.05,5.15,,-2.0462,6.062,5
2020-02-02T05:26:00.0,5.55,5.45,4.63,,-2.0462,6.125,5
2020-02-02T05:27:00.0,5.73,5.51,4.75,,-2.0462,6.062,4.937
2020-02-02T05:28:00.0,5.67,5.55,4.85,,-2.0462,6.125,4.875
2020-02-02T05:29:00.0,5.67,5.45,4.93,,-2.0462,6.125,4.937
2020-02-02T05:30:00.0,5.41,5.77,4.93,,-2.0462,6.125,5
2020-02-02T05:31:00.0,5.49,5.51,4.71,,-2.0462,6.125,5
2020-02-02T05:32:00.0,5.63,5.81,4.97,,-2.0462,6.125,5
2020-02-02T05:33:00.0,5.93,5.73,4.85,,-2.0462,6.125,5.062
2020-02-02T05:34:00.0,5.49,5.85,4.93,,-2.0462,6.187,5
2020-02-02T05:35:00.0,,,,,,,
2020-02-02T05:36:00.0,5.81,5.45,4.63,,-2.0462,6.187,4.75
2020-02-02T05:37:00.0,5.73,5.51,5.07,,-2.0462,6.187,4.812
2020-02-02T05:38:00.0,5.67,5.59,5.29,,-2.0462,6.187,4.875
2020-02-02T05:39:00.0,5.77,5.73,4.97,,-2.0462,6.187,4.875
2020-02-02T05:40:00.0,5.73,5.51,4.81,,-2.0462,6.187,4.687
2020-02-02T05:41:00.0,5.71,5.37,4.67,,-2.0462,6.187,4.562
2020-02-02T05:42:00.0,5.59,5.23,4.97,,-2.0462,6.187,4.625
2020-02-02T05:43:00.0,5.73,5.85,5.11,,-2.0462,6.187,4.812
2020-02-02T05:44:00.0,6.11,5.93,4.85,,-2.0462,6.187,4.937
2020-02-02T05:45:00.0,5.89,5.73,5.29,,-2.0462,6.187,4.937
2020-02-02T05:46:00.0,5.77,5.59,5.41,,-2.0462,6.187,4.937
2020-02-02T05:47:00.0,5.55,5.67,5.07,,-2.0462,6.187,4.937
2020-02-02T05:48:00.0,,,,,,,
2020-02-02T05:49:00.0,5.67,5.67,5.11,,-2.0462,6.25,4.875
2020-02-02T05:50:00.0,5.67,5.63,5.01,,-2.0462,6.25,4.875
2020-02-02T05:51:00.0,5.89,5.95,5.27,,-2.0462,6.25,4.937
2020-02-02T05:52:00.0,5.93,5.73,5.11,,-2.0462,6.312,4.937
2020-02-02T05:53:00.0,6.33,6.07,5.15,,-2.0462,6.312,5.062
2020-02-02T05:54:00.0,5.89,5.81,5.19,,-2.0462,6.312,5.125
2020-02-02T05:55:00.0,5.95,5.93,5.33,,-2.0462,6.312,5.062
2020-02-02T05:56:00.0,5.73,5.99,5.07,,-2.0462,6.312,5.062
2020-02-02T05:57:00.0,5.81,5.99,5.19,,-2.0462,6.375,5.062
2020-02-02T05:58:00.0,5.93,5.95,5.55,,-2.0462,6.375,4.937
2020-02-02T05:59:00.0,5.89,6.03,5.19,,-2.0462,6.375,4.937
2020-02-02T06:00:00.0,6.13,5.73,5.19,,-2.0462,6.375,4.875
2020-02-02T06:01:00.0,5.59,4.79,5.29,,-2.0462,6.437,4.812
2020-02-02T06:02:00.0,5.71,5.59,5.27,,-2.0462,6.437,4.75
2020-02-02T06:03:00.0,5.63,5.55,5.07,,-2.0462,6.375,4.625
2020-02-02T06:04:00.0,5.77,5.71,4.93,,-2.0462,6.375,4.437
2020-02-02T20:55:00.0,5.85,5.63,5.19,,-2.0462,5.937,5.062
2020-02-02T20:56:00.0,6.03,5.89,5.19,,-2.0462,5.937,5.062
2020-02-02T20:57:00.0,6.73,6.17,5.81,,-2.0462,5.937,5.062
2020-02-02T20:58:00.0,7.79,6.35,6.39,,-2.0462,5.937,5.062
2020-02-02T20:59:00.0,8.89,7.15,6.97,,-2.0462,6,5.062
2020-02-02T21:00:00.0,10.31,8.09,7.77,,-2.0462,6,5.062
2020-02-02T21:01:00.0,9.81,7.91,7.19,,-2.0462,6.062,5.062
2020-02-02T21:02:00.0,9.77,8.41,8.27,,-2.0462,6.062,5
2020-02-02T21:03:00.0,9.81,8.71,9.21,,-2.0462,6.062,5
2020-02-02T21:04:00.0,10.19,9.43,9.95,,-2.0462,6.125,5
2020-02-02T21:05:00.0,9.71,10.03,9.77,,-2.0462,6.125,5.062
2020-02-02T21:06:00.0,9.29,9.21,9.43,,-2.0462,6.125,5.062
2020-02-02T21:07:00.0,9.33,9.49,9.71,,-2.0462,6.187,5.062
2020-02-02T21:08:00.0,10.51,10.23,10.13,,-2.0462,6.187,5.062
2020-02-02T21:09:00.0,10.05,10.31,10.23,,-2.0462,6.187,5.062
2020-02-02T21:10:00.0,10.27,9.77,10.47,,-2.0462,6.25,5.062
2020-02-02T21:11:00.0,10.05,9.39,9.57,,-2.0462,6.25,5.062
2020-02-02T21:12:00.0,9.99,9.77,10.13,,-2.0462,6.25,5.062
2020-02-02T21:13:00.0,9.99,10.17,10.19,,-2.0462,6.25,5
2020-02-02T21:14:00.0,9.67,9.95,9.89,,-2.0462,6.25,5
2020-02-02T21:15:00.0,10.09,10.13,10.31,,-2.0462,6.25,4.937
2020-02-02T21:16:00.0,8.69,9.29,9.29,,-2.0462,6.25,4.937
2020-02-02T21:17:00.0,8.97,9.53,10.05,,-2.0462,6.25,4.875
2020-02-02T21:18:00.0,10.65,10.09,10.41,,-2.0462,6.312,4.875
2020-02-02T21:19:00.0,10.57,10.19,10.03,,-2.0462,6.312,4.875
2020-02-02T21:20:00.0,10.09,10.43,9.91,,-2.0462,6.312,4.875
2020-02-02T21:21:00.0,9.61,9.57,9.63,,-2.0462,6.312,4.875
2020-02-02T21:22:00.0,10.41,10.09,9.95,,-2.0462,6.375,4.875
2020-02-02T21:23:00.0,9.81,9.91,9.85,,-2.0462,6.375,4.875
2020-02-02T21:24:00.0,10.33,10.13,10.03,,-2.0462,6.375,4.937
2020-02-02T21:25:00.0,10.27,9.99,10.05,,-2.0462,6.437,5
2020-02-02T21:26:00.0,9.29,9.43,9.47,,-2.0462,6.375,5
2020-02-02T21:27:00.0,9.91,10.03,10.19,,-2.0462,6.375,4.937
2020-02-02T21:28:00.0,10.05,10.31,10.17,,-2.0462,6.437,5
2020-02-02T21:29:00.0,9.43,9.85,10.05,,-2.0462,6.437,5
2020-02-02T21:30:00.0,10.23,9.99,10.09,,-2.0462,6.437,5
2020-02-02T21:31:00.0,10.19,9.71,10.05,,-2.0462,6.375,5
2020-02-02T21:32:00.0,10.27,10.17,10.13,,-2.0462,6.437,5
2020-02-02T21:33:00.0,9.89,10.27,9.89,,-2.0462,6.437,5
2020-02-02T21:34:00.0,10.31,10.31,10.05,,-2.0462,6.375,4.937
2020-02-02T21:35:00.0,9.53,9.91,9.89,,-2.0462,6.375,4.937
2020-02-02T21:36:00.0,9.03,8.75,9.39,,-2.0462,6.312,4.875
2020-02-02T21:37:00.0,9.95,9.57,10.09,,-2.0462,6.312,4.812
2020-02-02T21:38:00.0,9.49,10.13,9.75,,-2.0462,6.25,4.75
2020-02-02T21:39:00.0,9.77,9.71,9.57,,-2.0462,6.187,4.75
2020-02-02T21:40:00.0,9.89,9.71,9.61,,-2.0462,6.187,4.625
2020-02-02T21:41:00.0,9.07,8.69,9.21,,-2.0462,6.187,4.625
2020-02-02T21:42:00.0,9.11,9.21,9.81,,-2.0462,6.125,4.562
2020-02-02T21:43:00.0,,,,,,,
2020-02-02T21:44:00.0,8.89,9.35,9.47,,-2.0462,6.062,4.5
2020-02-02T21:45:00.0,10.03,9.63,9.63,,-2.0462,6,4.437
2020-02-02T21:46:00.0,8.97,9.07,9.03,,-2.0462,6,4.375
2020-02-02T21:47:00.0,8.83,9.77,9.33,,-2.0462,5.937,4.375
2020-02-02T21:48:00.0,9.47,9.15,9.35,,-2.0462,5.937,4.375
2020-02-02T21:49:00.0,9.61,9.57,9.67,,-2.0462,5.937,4.375
2020-02-02T21:50:00.0,9.11,9.39,9.67,,-2.0462,5.875,4.375
2020-02-02T21:51:00.0,9.33,9.01,9.11,,-2.0462,5.875,4.375
2020-02-02T21:52:00.0,9.61,9.53,9.35,,-2.0462,5.812,4.312
2020-02-02T21:53:00.0,9.21,9.25,9.25,,-2.0462,5.812,4.312
2020-02-02T21:54:00.0,9.29,9.21,9.47,,-2.0462,5.812,4.375
2020-02-02T21:55:00.0,10.41,9.39,9.43,,-2.0462,5.812,4.375
2020-02-02T21:56:00.0,9.85,9.01,9.43,,-2.0462,5.875,4.437
2020-02-02T21:57:00.0,9.63,9.57,9.67,,-2.0462,5.812,4.437
2020-02-02T21:58:00.0,9.71,9.63,9.71,,-2.0462,5.812,4.437
2020-02-02T21:59:00.0,9.53,9.95,9.25,,-2.0462,5.812,4.437
2020-02-02T22:00:00.0,9.07,9.35,9.43,,-2.0462,5.812,4.437
2020-02-02T22:01:00.0,9.11,9.33,9.49,,-2.0462,5.812,4.375
2020-02-02T22:02:00.0,9.35,9.67,9.75,,-2.0462,5.812,4.375
2020-02-02T22:03:00.0,9.53,9.67,9.35,,-2.0462,5.812,4.312
2020-02-02T22:04:00.0,9.61,9.39,9.43,,-2.0462,5.812,4.312
2020-02-02T22:05:00.0,9.95,9.35,9.43,,-2.0462,5.812,4.312
2020-02-02T22:06:00.0,9.29,8.89,9.15,,-2.0462,5.812,4.312
2020-02-02T22:07:00.0,9.43,9.33,9.15,,-2.0462,5.812,4.312
2020-02-02T22:08:00.0,9.33,9.53,9.61,,-2.0462,5.812,4.312
2020-02-02T22:09:00.0,9.53,9.33,9.25,,-2.0462,5.812,4.25
2020-02-02T22:10:00.0,9.35,9.57,9.47,,-2.0462,5.812,4.25
2020-02-02T22:11:00.0,9.07,9.25,9.01,,-2.0462,5.812,4.312
2020-02-02T22:12:00.0,9.61,9.53,9.43,,-2.0462,5.812,4.312
2020-02-02T22:13:00.0,9.29,9.25,9.11,,-2.0462,5.812,4.312
2020-02-02T22:14:00.0,9.21,9.43,9.53,,-2.0462,5.812,4.25
2020-02-02T22:15:00.0,9.01,9.47,9.35,,-2.0462,5.812,4.25
2020-02-02T22:16:00.0,7.97,8.41,8.65,,-2.0462,5.812,4.312
2020-02-02T22:17:00.0,9.15,9.19,9.01,,-2.0462,5.812,4.25
2020-02-02T22:18:00.0,9.71,9.35,9.91,,-2.0462,5.812,4.25
2020-02-02T22:19:00.0,9.07,9.21,9.53,,-2.0462,5.812,4.312
2020-02-02T22:20:00.0,9.61,9.57,9.11,,-2.0462,5.812,4.312
2020-02-02T22:21:00.0,9.21,9.19,9.11,,-2.0462,5.812,4.312
2020-02-02T22:22:00.0,,,,,,,
2020-02-02T22:23:00.0,9.53,9.43,9.19,,-2.0462,5.812,4.312
2020-02-02T22:24:00.0,9.49,9.49,9.57,,-2.0462,5.812,4.375
2020-02-02T22:25:00.0,9.49,9.35,9.61,,-2.0462,5.812,4.375
2020-02-02T22:26:00.0,8.93,8.71,9.01,,-2.0462,5.812,4.437
2020-02-02T22:27:00.0,9.53,9.29,9.33,,-2.0462,5.75,4.437
2020-02-02T22:28:00.0,9.43,9.47,9.75,,-2.0462,5.75,4.375
2020-02-02T22:29:00.0,9.47,9.39,9.63,,-2.0462,5.687,4.312
2020-02-02T22:30:00.0,8.83,9.01,9.33,,-2.0462,5.687,4.312
2020-02-02T22:31:00.0,8.61,8.59,8.97,,-2.0462,5.687,4.25
2020-02-02T22:32:00.0,9.07,9.15,9.19,,-2.0462,5.687,4.25
2020-02-02T22:33:00.0,9.47,9.81,9.53,,-2.0462,5.687,4.187
2020-02-02T22:34:00.0,9.47,9.35,8.93,,-2.0462,5.687,4.187
2020-02-02T22:35:00.0,9.29,9.35,9.19,,-2.0462,5.625,4.187
2020-02-02T22:36:00.0,,,,,-2.0462,5.625,4.187
2020-02-02T22:37:00.0,9.81,9.63,9.89,,-2.0462,5.625,4.125
2020-02-02T22:38:00.0,9.29,9.57,9.57,,-2.0462,5.625,4.187
2020-02-02T22:39:00.0,9.19,9.29,9.47,,-2.0462,5.562,4.187
2020-02-02T22:40:00.0,9.07,9.25,9.01,,-2.0462,5.625,4.187
2020-02-02T22:41:00.0,9.21,8.75,8.89,,-2.0462,5.625,4.25
2020-02-02T22:42:00.0,9.81,10.13,9.53,,-2.0462,5.625,4.25
2020-02-02T22:43:00.0,9.49,10.03,9.39,,-2.0462,5.625,4.25
2020-02-02T22:44:00.0,9.29,9.53,9.39,,-2.0462,5.625,4.312
2020-02-02T22:45:00.0,9.21,9.47,9.19,,-2.0462,5.625,4.312
2020-02-02T22:46:00.0,9.39,9.35,9.53,,-2.0462,5.625,4.312
2020-02-02T22:47:00.0,9.63,9.43,9.39,,-2.0462,5.625,4.312
2020-02-02T22:48:00.0,9.15,9.21,9.11,,-2.0462,5.625,4.312
2020-02-02T22:49:00.0,9.85,9.81,9.85,,-2.0462,5.625,4.312
2020-02-02T22:50:00.0,9.29,9.57,9.25,,-2.0462,5.625,4.312
2020-02-02T22:51:00.0,8.69,9.11,9.07,,-2.0462,5.625,4.312
2020-02-02T22:52:00.0,9.21,9.95,9.33,,-2.0462,5.625,4.312
2020-02-02T22:53:00.0,10.27,9.77,9.77,,-2.0462,5.625,4.312
2020-02-02T22:54:00.0,10.19,9.47,9.53,,-2.0462,5.687,4.312
2020-02-02T22:55:00.0,,,,,,,
2020-02-02T22:56:00.0,10.17,9.15,9.77,,-2.0462,5.75,4.25
2020-02-02T22:57:00.0,9.63,9.07,9.47,,-2.0462,5.812,4.25
2020-02-02T22:58:00.0,9.29,9.19,9.29,,-2.0462,5.812,4.312
2020-02-02T22:59:00.0,9.89,9.35,9.43,,-2.0462,5.875,4.312
2020-02-02T23:00:00.0,9.67,9.29,9.63,,-2.0462,5.875,4.375
2020-02-02T23:01:00.0,9.53,9.29,9.43,,-2.0462,5.875,4.375
2020-02-02T23:02:00.0,9.63,9.75,9.29,,-2.0462,5.937,4.375
2020-02-02T23:03:00.0,9.39,9.47,9.39,,-2.0462,5.937,4.312
2020-02-02T23:04:00.0,9.03,9.39,9.29,,-2.0462,5.937,4.312
2020-02-02T23:05:00.0,10.31,9.21,9.19,,-2.0462,6,4.312
2020-02-02T23:06:00.0,9.43,9.11,9.15,,-2.0462,6,4.312
2020-02-02T23:07:00.0,9.25,9.75,9.61,,-2.0462,6,4.25
2020-02-02T23:08:00.0,9.35,9.67,8.97,,-2.0462,6,4.25
2020-02-02T23:09:00.0,9.33,9.39,8.33,,-2.0462,6.062,4.25
2020-02-02T23:10:00.0,9.25,9.61,9.57,,-2.0462,6,4.25
2020-02-02T23:11:00.0,8.55,9.43,9.29,,-2.0462,6.062,4.187
2020-02-02T23:12:00.0,9.67,9.19,9.35,,-2.0462,6.062,4.187
2020-02-02T23:13:00.0,9.25,9.33,9.21,,-2.0462,6.062,4.25
2020-02-02T23:14:00.0,9.25,9.19,9.53,,-2.0462,6.062,4.25
2020-02-02T23:15:00.0,10.13,9.63,9.71,,-2.0462,6.062,4.25
2020-02-02T23:16:00.0,9.25,8.83,9.15,,-2.0462,6.062,4.312
2020-02-02T23:17:00.0,9.47,9.57,9.61,,-2.0462,6,4.312
2020-02-02T23:18:00.0,9.39,9.61,9.29,,-2.0462,6,4.312
2020-02-02T23:19:00.0,9.19,9.75,9.47,,-2.0462,5.937,4.312
2020-02-02T23:20:00.0,9.11,9.03,9.63,,-2.0462,5.937,4.25
2020-02-02T23:21:00.0,9.19,9.35,9.15,,-2.0462,5.875,4.25
2020-02-02T23:22:00.0,9.49,9.77,9.49,,-2.0462,5.812,4.25
2020-02-02T23:23:00.0,9.01,9.15,8.45,,-2.0462,5.812,4.187
2020-02-02T23:24:00.0,9.43,9.35,9.47,,-2.0462,5.75,4.187
2020-02-02T23:25:00.0,9.21,9.33,9.33,,-2.0462,5.812,4.187
2020-02-02T23:26:00.0,8.89,8.93,8.93,,-2.0462,5.812,4.187
2020-02-02T23:27:00.0,9.07,9.33,9.21,,-2.0462,5.75,4.187
2020-02-02T23:28:00.0,9.33,9.29,9.19,,-2.0462,5.75,4.187
2020-02-02T23:29:00.0,9.43,9.33,9.11,,-2.0462,5.687,4.25
2020-02-02T23:30:00.0,9.39,9.25,9.11,,-2.0462,5.687,4.25
2020-02-02T23:31:00.0,8.93,9.03,9.29,,-2.0462,5.625,4.312
2020-02-02T23:32:00.0,9.57,9.33,9.33,,-2.0462,5.625,4.25
2020-02-02T23:33:00.0,9.29,9.85,9.47,,-2.0462,5.625,4.312
2020-02-02T23:34:00.0,9.33,9.53,9.33,,-2.0462,5.625,4.312
2020-02-02T23:35:00.0,9.33,9.21,8.97,,-2.0462,5.625,4.312
2020-02-02T23:36:00.0,8.61,8.89,9.03,,-2.0462,5.625,4.312
2020-02-02T23:37:00.0,9.15,9.77,9.33,,-2.0462,5.625,4.375
2020-02-02T23:38:00.0,9.39,9.33,9.75,,-2.0462,5.625,4.312
2020-02-02T23:39:00.0,9.47,9.85,9.01,,-2.0462,5.625,4.375
2020-02-02T23:40:00.0,9.39,9.35,9.29,,-2.0462,5.625,4.375
2020-02-02T23:41:00.0,8.79,8.83,8.89,,-2.0462,5.625,4.375
2020-02-02T23:42:00.0,8.71,8.93,9.25,,-2.0462,5.625,4.375
2020-02-02T23:43:00.0,9.25,9.81,9.67,,-2.0462,5.625,4.312
2020-02-02T23:44:00.0,9.39,9.03,9.63,,-2.0462,5.562,4.25
2020-02-02T23:45:00.0,9.19,9.91,9.03,,-2.0462,5.562,4.25
2020-02-02T23:46:00.0,8.45,8.89,8.83,,-2.0462,5.562,4.25
2020-02-02T23:47:00.0,,,,,,,
2020-02-02T23:48:00.0,9.15,9.43,9.25,,-2.0462,5.562,4.312
2020-02-02T23:49:00.0,9.35,9.07,9.39,,-2.0462,5.562,4.312
2020-02-02T23:50:00.0,8.97,9.21,9.43,,-2.0462,5.562,4.312
2020-02-02T23:51:00.0,8.65,9.25,9.15,,-2.0462,5.562,4.25
2020-02-02T23:52:00.0,,,,,,,
2020-02-02T23:53:00.0,9.19,9.15,9.21,,-2.0462,5.562,4.125
2020-02-02T23:54:00.0,8.93,9.19,8.97,,-2.0462,5.5,4.125
2020-02-02T23:55:00.0,9.33,9.33,9.53,,-2.0462,5.437,4.125
2020-02-02T23:56:00.0,8.83,9.21,8.87,,-2.0462,5.437,4.062
2020-02-02T23:57:00.0,9.57,8.93,8.93,,-2.0462,5.5,4.062
2020-02-02T23:58:00.0,9.25,9.25,9.03,,-2.0462,5.437,4.062
2020-02-02T23:59:00.0,9.47,9.53,9.35,,-2.0462,5.437,4.062
